[{"model": "admin.logentry", "pk": 1, "fields": {"action_time": "2023-01-14T13:44:29.778Z", "user": 2, "content_type": 8, "object_id": "1", "object_repr": "gretazarazas@gmail.com", "action_flag": 3, "change_message": ""}}, {"model": "admin.logentry", "pk": 2, "fields": {"action_time": "2023-01-15T22:05:58.763Z", "user": 2, "content_type": 14, "object_id": "123", "object_repr": "Leather pencil case", "action_flag": 3, "change_message": ""}}, {"model": "admin.logentry", "pk": 3, "fields": {"action_time": "2023-01-21T12:03:28.065Z", "user": 2, "content_type": 21, "object_id": "18", "object_repr": "natalia", "action_flag": 3, "change_message": ""}}, {"model": "admin.logentry", "pk": 4, "fields": {"action_time": "2023-03-02T15:57:24.620Z", "user": 2, "content_type": 4, "object_id": "9", "object_repr": "gretuzas", "action_flag": 2, "change_message": "[]"}}, {"model": "admin.logentry", "pk": 5, "fields": {"action_time": "2023-03-02T17:57:33.742Z", "user": 2, "content_type": 8, "object_id": "7", "object_repr": "mailmeviainternet@gmail.com", "action_flag": 2, "change_message": "[{\"changed\": {\"fields\": [\"Verified\"]}}]"}}, {"model": "admin.logentry", "pk": 6, "fields": {"action_time": "2023-03-02T17:57:33.883Z", "user": 2, "content_type": 8, "object_id": "7", "object_repr": "mailmeviainternet@gmail.com", "action_flag": 2, "change_message": "[]"}}, {"model": "admin.logentry", "pk": 7, "fields": {"action_time": "2023-03-02T18:21:33.568Z", "user": 2, "content_type": 8, "object_id": "8", "object_repr": "madelynebprado@gmail.com", "action_flag": 2, "change_message": "[{\"changed\": {\"fields\": [\"Verified\"]}}]"}}, {"model": "admin.logentry", "pk": 8, "fields": {"action_time": "2023-03-02T18:22:29.769Z", "user": 2, "content_type": 8, "object_id": "8", "object_repr": "madelynebprado@gmail.com", "action_flag": 3, "change_message": ""}}, {"model": "admin.logentry", "pk": 9, "fields": {"action_time": "2023-03-07T15:32:33.999Z", "user": 2, "content_type": 8, "object_id": "10", "object_repr": "senan18867@luxeic.com", "action_flag": 3, "change_message": ""}}, {"model": "admin.logentry", "pk": 10, "fields": {"action_time": "2023-03-12T21:53:57.695Z", "user": 2, "content_type": 24, "object_id": "1", "object_repr": "1", "action_flag": 1, "change_message": "[{\"added\": {}}]"}}, {"model": "admin.logentry", "pk": 11, "fields": {"action_time": "2023-03-13T07:54:14.992Z", "user": 2, "content_type": 24, "object_id": "2", "object_repr": "2", "action_flag": 1, "change_message": "[{\"added\": {}}]"}}, {"model": "admin.logentry", "pk": 12, "fields": {"action_time": "2023-03-13T20:15:16.532Z", "user": 2, "content_type": 24, "object_id": "3", "object_repr": "3", "action_flag": 1, "change_message": "[{\"added\": {}}]"}}, {"model": "admin.logentry", "pk": 13, "fields": {"action_time": "2023-03-13T21:04:18.824Z", "user": 2, "content_type": 24, "object_id": "4", "object_repr": "4", "action_flag": 1, "change_message": "[{\"added\": {}}]"}}, {"model": "admin.logentry", "pk": 14, "fields": {"action_time": "2023-03-13T22:02:49.812Z", "user": 2, "content_type": 24, "object_id": "5", "object_repr": "5", "action_flag": 1, "change_message": "[{\"added\": {}}]"}}, {"model": "admin.logentry", "pk": 15, "fields": {"action_time": "2023-03-13T22:03:07.882Z", "user": 2, "content_type": 24, "object_id": "6", "object_repr": "6", "action_flag": 1, "change_message": "[{\"added\": {}}]"}}, {"model": "admin.logentry", "pk": 16, "fields": {"action_time": "2023-03-13T22:07:41.547Z", "user": 2, "content_type": 24, "object_id": "7", "object_repr": "7", "action_flag": 1, "change_message": "[{\"added\": {}}]"}}, {"model": "admin.logentry", "pk": 17, "fields": {"action_time": "2023-03-13T22:07:58.015Z", "user": 2, "content_type": 24, "object_id": "8", "object_repr": "8", "action_flag": 1, "change_message": "[{\"added\": {}}]"}}, {"model": "admin.logentry", "pk": 18, "fields": {"action_time": "2023-03-13T22:19:31.177Z", "user": 2, "content_type": 24, "object_id": "9", "object_repr": "9", "action_flag": 1, "change_message": "[{\"added\": {}}]"}}, {"model": "admin.logentry", "pk": 19, "fields": {"action_time": "2023-03-13T22:20:12.560Z", "user": 2, "content_type": 24, "object_id": "4", "object_repr": "4", "action_flag": 3, "change_message": ""}}, {"model": "admin.logentry", "pk": 20, "fields": {"action_time": "2023-03-13T22:20:19.408Z", "user": 2, "content_type": 24, "object_id": "2", "object_repr": "2", "action_flag": 3, "change_message": ""}}, {"model": "admin.logentry", "pk": 21, "fields": {"action_time": "2023-03-13T22:20:26.595Z", "user": 2, "content_type": 24, "object_id": "1", "object_repr": "1", "action_flag": 3, "change_message": ""}}, {"model": "admin.logentry", "pk": 22, "fields": {"action_time": "2023-03-14T14:14:58.217Z", "user": 2, "content_type": 4, "object_id": "2", "object_repr": "admin", "action_flag": 2, "change_message": "[{\"changed\": {\"fields\": [\"Email address\"]}}]"}}, {"model": "admin.logentry", "pk": 23, "fields": {"action_time": "2023-03-14T15:20:54.384Z", "user": 2, "content_type": 24, "object_id": "10", "object_repr": "10", "action_flag": 3, "change_message": ""}}, {"model": "admin.logentry", "pk": 24, "fields": {"action_time": "2023-03-14T15:21:05.628Z", "user": 2, "content_type": 24, "object_id": "9", "object_repr": "9", "action_flag": 2, "change_message": "[]"}}, {"model": "admin.logentry", "pk": 25, "fields": {"action_time": "2023-03-14T15:21:15.507Z", "user": 2, "content_type": 24, "object_id": "8", "object_repr": "8", "action_flag": 2, "change_message": "[]"}}, {"model": "admin.logentry", "pk": 26, "fields": {"action_time": "2023-03-14T15:21:20.662Z", "user": 2, "content_type": 24, "object_id": "3", "object_repr": "3", "action_flag": 2, "change_message": "[]"}}, {"model": "admin.logentry", "pk": 27, "fields": {"action_time": "2023-03-14T15:37:59.963Z", "user": 2, "content_type": 24, "object_id": "11", "object_repr": "11", "action_flag": 1, "change_message": "[{\"added\": {}}]"}}, {"model": "admin.logentry", "pk": 28, "fields": {"action_time": "2023-03-14T15:39:57.526Z", "user": 2, "content_type": 24, "object_id": "13", "object_repr": "13", "action_flag": 1, "change_message": "[{\"added\": {}}]"}}, {"model": "admin.logentry", "pk": 29, "fields": {"action_time": "2023-03-14T15:42:25.447Z", "user": 2, "content_type": 24, "object_id": "14", "object_repr": "14", "action_flag": 1, "change_message": "[{\"added\": {}}]"}}, {"model": "admin.logentry", "pk": 30, "fields": {"action_time": "2023-03-14T15:54:13.120Z", "user": 2, "content_type": 4, "object_id": "30", "object_repr": "lopoto", "action_flag": 3, "change_message": ""}}, {"model": "admin.logentry", "pk": 31, "fields": {"action_time": "2023-03-14T16:08:34.551Z", "user": 2, "content_type": 4, "object_id": "3", "object_repr": "greta.baliunaite@gmail.com", "action_flag": 3, "change_message": ""}}, {"model": "admin.logentry", "pk": 32, "fields": {"action_time": "2023-03-14T16:08:46.062Z", "user": 2, "content_type": 4, "object_id": "1", "object_repr": "gretazas2", "action_flag": 3, "change_message": ""}}, {"model": "admin.logentry", "pk": 33, "fields": {"action_time": "2023-03-15T22:12:40.369Z", "user": 2, "content_type": 23, "object_id": "8", "object_repr": "Points object (8)", "action_flag": 1, "change_message": "[{\"added\": {}}]"}}, {"model": "admin.logentry", "pk": 34, "fields": {"action_time": "2023-03-20T08:03:13.916Z", "user": 2, "content_type": 4, "object_id": "2", "object_repr": "admin", "action_flag": 2, "change_message": "[{\"changed\": {\"fields\": [\"Email address\"]}}]"}}, {"model": "admin.logentry", "pk": 35, "fields": {"action_time": "2023-03-20T08:08:55.607Z", "user": 2, "content_type": 8, "object_id": "40", "object_repr": "greta.baliunaite@gmail.com", "action_flag": 2, "change_message": "[{\"changed\": {\"fields\": [\"Verified\", \"Primary\"]}}]"}}, {"model": "auth.user", "pk": 2, "fields": {"password": "pbkdf2_sha256$390000$JuEJxsRrlKXpXwUYi1gVIy$kMyWXHzzDUNuojlIb8EQevw68e6242JcVI6VViVd29E=", "last_login": "2023-03-21T08:39:17.203Z", "is_superuser": true, "username": "admin", "first_name": "", "last_name": "", "email": "greta.baliunaite@gmail.com", "is_staff": true, "is_active": true, "date_joined": "2023-01-14T13:43:37Z", "groups": [], "user_permissions": []}}, {"model": "auth.user", "pk": 4, "fields": {"password": "pbkdf2_sha256$390000$Tvh7CVX2gOHLuexKy7FMiG$xMWUoocOY9JbBPBPqgpK1Sknkiw4q+lNqghduZFQ21Q=", "last_login": "2023-01-19T22:14:44.852Z", "is_superuser": true, "username": "tutor", "first_name": "", "last_name": "", "email": "", "is_staff": true, "is_active": true, "date_joined": "2023-01-19T22:14:34.753Z", "groups": [], "user_permissions": []}}, {"model": "auth.user", "pk": 5, "fields": {"password": "pbkdf2_sha256$390000$l4VtqQq5V1tzH8xydqUf7P$VdIAC4/+8f4R3DVk5vVVYnCwM5tUFmk6bsBgvAqdWNQ=", "last_login": null, "is_superuser": false, "username": "Krekeris", "first_name": "", "last_name": "", "email": "krekeriai@gmail.com", "is_staff": false, "is_active": true, "date_joined": "2023-01-20T22:05:17.182Z", "groups": [], "user_permissions": []}}, {"model": "auth.user", "pk": 6, "fields": {"password": "pbkdf2_sha256$390000$ZAKTkz2SoPHFTZ17jhDqNp$DzWC7sXxVoSuU15JzkwBA33irZQBZJYuzitCi4chFAI=", "last_login": null, "is_superuser": false, "username": "kobrakobra", "first_name": "", "last_name": "", "email": "kobra@gmail.com", "is_staff": false, "is_active": true, "date_joined": "2023-01-20T22:32:52.306Z", "groups": [], "user_permissions": []}}, {"model": "auth.user", "pk": 7, "fields": {"password": "pbkdf2_sha256$390000$oNvXIASRKY0l4MiMD1OgXi$BGyqKyWFAFkHLSSL3OU34b7+rMruWw1TJ3cDuVyJTVw=", "last_login": "2023-01-23T17:12:25.320Z", "is_superuser": true, "username": "a", "first_name": "", "last_name": "", "email": "a@a.com", "is_staff": true, "is_active": true, "date_joined": "2023-01-23T17:12:10.639Z", "groups": [], "user_permissions": []}}, {"model": "auth.user", "pk": 8, "fields": {"password": "pbkdf2_sha256$390000$agojZ2TQslgB7p4YacINSv$IT1dVMsM4NHdRzOhQQ1wuPJ+GE4Eln1pks6FoCTCh1Q=", "last_login": "2023-02-02T08:40:30.682Z", "is_superuser": false, "username": "eval11", "first_name": "", "last_name": "", "email": "cecav31936@fsouda.com", "is_staff": false, "is_active": true, "date_joined": "2023-02-02T08:40:30.352Z", "groups": [], "user_permissions": []}}, {"model": "auth.user", "pk": 9, "fields": {"password": "pbkdf2_sha256$390000$uu2bQgRdM8Kzo65vI3H83Q$hVcpnYb20thejRcseh1ET73iXM9Nr70VHDkDh2fYRG4=", "last_login": "2023-03-02T15:54:07Z", "is_superuser": false, "username": "gretuzas", "first_name": "", "last_name": "", "email": "mailmeviainternet@gmail.com", "is_staff": false, "is_active": true, "date_joined": "2023-03-02T15:54:06Z", "groups": [], "user_permissions": []}}, {"model": "auth.user", "pk": 10, "fields": {"password": "pbkdf2_sha256$390000$6vNS906mWSpLqcPWVIXVSG$3rV49toYd+OoqKhvyI64mHrYxDFrVu0cIlltbs0UHWg=", "last_login": "2023-03-02T18:17:30.485Z", "is_superuser": false, "username": "bubula", "first_name": "", "last_name": "", "email": "madelynebprado@gmail.com", "is_staff": false, "is_active": true, "date_joined": "2023-03-02T18:17:30.198Z", "groups": [], "user_permissions": []}}, {"model": "auth.user", "pk": 11, "fields": {"password": "pbkdf2_sha256$390000$o8rGjGlCBkCvKlmwdnyBFi$Jp3qAJnCC4eY+L15rSZefQ9RD8AEhO2GEYXdk3j7+K8=", "last_login": "2023-03-07T14:23:58.851Z", "is_superuser": false, "username": "testtest", "first_name": "", "last_name": "", "email": "test@test.com", "is_staff": false, "is_active": true, "date_joined": "2023-03-07T14:23:58.518Z", "groups": [], "user_permissions": []}}, {"model": "auth.user", "pk": 12, "fields": {"password": "pbkdf2_sha256$390000$4WwS9ibgfziyWFXBRVr93Q$NIbFMK8VT0+6Iss73uv3eLoaJBByO8//nGfVPGROszU=", "last_login": "2023-03-07T15:18:45.340Z", "is_superuser": false, "username": "holiva", "first_name": "", "last_name": "", "email": "senan18867@luxeic.com", "is_staff": false, "is_active": true, "date_joined": "2023-03-07T15:18:45.119Z", "groups": [], "user_permissions": []}}, {"model": "auth.user", "pk": 13, "fields": {"password": "pbkdf2_sha256$390000$3wsemPODh3B98AgcnSpFJ0$5Oh/kKvX3ylFJjMId4cVZu6FTVPr50clUKMcCbBoNr4=", "last_login": "2023-03-07T15:20:51.658Z", "is_superuser": false, "username": "testtesttest", "first_name": "", "last_name": "", "email": "resape9323@fenwazi.com", "is_staff": false, "is_active": true, "date_joined": "2023-03-07T15:20:51.520Z", "groups": [], "user_permissions": []}}, {"model": "auth.user", "pk": 14, "fields": {"password": "pbkdf2_sha256$390000$isPESr7eTu6r62qWz0R7bw$1cbPOCR3+anAF5DpQEQuVSRBZzrOXRHm/OmS5OyHBac=", "last_login": null, "is_superuser": false, "username": "polican", "first_name": "", "last_name": "", "email": "esminis@yahoo.com", "is_staff": false, "is_active": true, "date_joined": "2023-03-07T15:36:42.755Z", "groups": [], "user_permissions": []}}, {"model": "auth.user", "pk": 15, "fields": {"password": "pbkdf2_sha256$390000$9c0IS0vg8HMskXlEbtKDWk$jFgyr/CKdlg/BFZ9BQGpA11EEXdgxO7oYO19KLhlM4g=", "last_login": null, "is_superuser": false, "username": "kokolu", "first_name": "", "last_name": "", "email": "gaxes76172@maazios.com", "is_staff": false, "is_active": true, "date_joined": "2023-03-07T15:51:19.500Z", "groups": [], "user_permissions": []}}, {"model": "auth.user", "pk": 16, "fields": {"password": "pbkdf2_sha256$390000$IkgVmC4QxF30SjH5EqTAxa$jgyIr8+alZkrHMocM5gQ3nFkYY75H9QTKb3HD9cfyVg=", "last_login": null, "is_superuser": false, "username": "jojomik", "first_name": "", "last_name": "", "email": "hakejob985@luxeic.com", "is_staff": false, "is_active": true, "date_joined": "2023-03-07T16:07:12.418Z", "groups": [], "user_permissions": []}}, {"model": "auth.user", "pk": 17, "fields": {"password": "pbkdf2_sha256$390000$keXN1dk2gcV4bwteGwVCZh$bmIbnIU6y4YJLPiI0K7CJnd6y4K1aTUsIBXHprQLUes=", "last_login": null, "is_superuser": false, "username": "kokopolo", "first_name": "", "last_name": "", "email": "semad59134@luxeic.com", "is_staff": false, "is_active": true, "date_joined": "2023-03-07T16:19:15.887Z", "groups": [], "user_permissions": []}}, {"model": "auth.user", "pk": 18, "fields": {"password": "pbkdf2_sha256$390000$mlXFUX8Jf1IQz8KyHFs9Jz$+TSkCSVnCi0D8BhvaCNBmdoG1eC1X1C/ZnskSgIOEb0=", "last_login": null, "is_superuser": false, "username": "polimaster", "first_name": "", "last_name": "", "email": "mecolo7049@luxeic.com", "is_staff": false, "is_active": true, "date_joined": "2023-03-07T16:22:27.166Z", "groups": [], "user_permissions": []}}, {"model": "auth.user", "pk": 19, "fields": {"password": "pbkdf2_sha256$390000$WDiIL9qdmP3JBZnAbSSQy7$NAzaJXaZhaSIaQgeJL5pkwc0fFZFPefYua6b1e3UD+0=", "last_login": null, "is_superuser": false, "username": "pokimonast", "first_name": "", "last_name": "", "email": "gipak65316@luxeic.com", "is_staff": false, "is_active": true, "date_joined": "2023-03-07T16:24:11.271Z", "groups": [], "user_permissions": []}}, {"model": "auth.user", "pk": 20, "fields": {"password": "pbkdf2_sha256$390000$pefaYWysFAKm7mOhwhqFsS$jQGNvJnjROYA3d7YCj6qCSGc8Ll+eyGDyxCqZEPB5VI=", "last_login": null, "is_superuser": false, "username": "jokimo", "first_name": "", "last_name": "", "email": "rahike8308@proexbol.com", "is_staff": false, "is_active": true, "date_joined": "2023-03-07T16:31:41.186Z", "groups": [], "user_permissions": []}}, {"model": "auth.user", "pk": 21, "fields": {"password": "pbkdf2_sha256$390000$IsBfohlHKJXhRNCOrgldJI$F99goh0z0vp9VVeGWyfHXiZl3YR3GnPv+YgCxW1F/kI=", "last_login": null, "is_superuser": false, "username": "rewlto", "first_name": "", "last_name": "", "email": "palixa8495@gpipes.com", "is_staff": false, "is_active": true, "date_joined": "2023-03-07T16:36:01.769Z", "groups": [], "user_permissions": []}}, {"model": "auth.user", "pk": 22, "fields": {"password": "pbkdf2_sha256$390000$xYHMcyGnH2LysBOUhlnwZM$Zmk1ngvZPUcg1NL47B/WJs5SntZp1gVgjtgI0vtm9Lo=", "last_login": null, "is_superuser": false, "username": "wewreeter", "first_name": "", "last_name": "", "email": "sipexex805@terkoer.com", "is_staff": false, "is_active": true, "date_joined": "2023-03-07T16:40:16.756Z", "groups": [], "user_permissions": []}}, {"model": "auth.user", "pk": 23, "fields": {"password": "pbkdf2_sha256$390000$tn4vUI6WS8OhDAw0AhQkcv$nf8XJWp0ps4zvBmW2LcRUtnaTd95cmUV7SLf+B97O/8=", "last_login": null, "is_superuser": false, "username": "hjufansa", "first_name": "", "last_name": "", "email": "herise5369@luxeic.com", "is_staff": false, "is_active": true, "date_joined": "2023-03-07T20:21:18.647Z", "groups": [], "user_permissions": []}}, {"model": "auth.user", "pk": 24, "fields": {"password": "pbkdf2_sha256$390000$rpGNHFwPVCvKvrRWD7Z2N7$OQddJWSGUlA9rRAeFJwspZfiS6RPk5kUA39rk8MRTYM=", "last_login": null, "is_superuser": false, "username": "fertyre", "first_name": "", "last_name": "", "email": "bilelel579@fenwazi.com", "is_staff": false, "is_active": true, "date_joined": "2023-03-07T20:23:40.946Z", "groups": [], "user_permissions": []}}, {"model": "auth.user", "pk": 25, "fields": {"password": "pbkdf2_sha256$390000$AADsqtLJaN2gbLlSZWwcvL$pSZR1WJF8YT/7u7Qhijhb7OeJ4B0PI/0ouo72UbmLeM=", "last_login": null, "is_superuser": false, "username": "palavina", "first_name": "", "last_name": "", "email": "nexopi4476@gpipes.com", "is_staff": false, "is_active": true, "date_joined": "2023-03-07T20:29:53.704Z", "groups": [], "user_permissions": []}}, {"model": "auth.user", "pk": 26, "fields": {"password": "pbkdf2_sha256$390000$bxWlUzExPK4HULgtRLTmLb$scB2Xpx2Mpt1YTIAXX+CqLUBrFmye/oEhZ9Z5JYuOWs=", "last_login": null, "is_superuser": false, "username": "retykolma", "first_name": "", "last_name": "", "email": "rifid58517@orgria.com", "is_staff": false, "is_active": true, "date_joined": "2023-03-07T20:35:28.026Z", "groups": [], "user_permissions": []}}, {"model": "auth.user", "pk": 27, "fields": {"password": "pbkdf2_sha256$390000$pO5ELRWc3mLC51JInCqMs7$BAuuc7Nlnj7NDcckFXu44aQyhYDF5bwvRoCNxMPISGg=", "last_login": "2023-03-08T10:25:40.774Z", "is_superuser": false, "username": "managela", "first_name": "", "last_name": "", "email": "fotosa9128@proexbol.com", "is_staff": false, "is_active": true, "date_joined": "2023-03-08T10:25:10.300Z", "groups": [], "user_permissions": []}}, {"model": "auth.user", "pk": 28, "fields": {"password": "pbkdf2_sha256$390000$TEPMmvyAbUNtDR0JeCgd7N$qBu4sAsS0+eEzeeH5Z37E6HOg2RGtB4KyRSNOPQQTL8=", "last_login": null, "is_superuser": true, "username": "test", "first_name": "", "last_name": "", "email": "", "is_staff": true, "is_active": true, "date_joined": "2023-03-09T15:25:34.140Z", "groups": [], "user_permissions": []}}, {"model": "auth.user", "pk": 29, "fields": {"password": "pbkdf2_sha256$390000$IBXCSKkUqnWc0t9JxSqsmB$4UoefwNiT672ajp5QhIMeLTNjb0+4GLulu1Z0QRsD7Q=", "last_login": null, "is_superuser": false, "username": "testtesttest123", "first_name": "", "last_name": "", "email": "test@test.test", "is_staff": false, "is_active": true, "date_joined": "2023-03-14T13:14:39.423Z", "groups": [], "user_permissions": []}}, {"model": "auth.user", "pk": 31, "fields": {"password": "pbkdf2_sha256$390000$Su1HilF5DLGZf2GkIVYV7G$8++J+j/g8x6qlk1w9hpX3s7RPxYDnamB4Y6eFD64aIw=", "last_login": null, "is_superuser": false, "username": "lopoto", "first_name": "", "last_name": "", "email": "xomoxo2259@etondy.com", "is_staff": false, "is_active": true, "date_joined": "2023-03-14T15:55:36.759Z", "groups": [], "user_permissions": []}}, {"model": "auth.user", "pk": 32, "fields": {"password": "pbkdf2_sha256$390000$om70BC9kWkoKwLnMHZg2bz$bRR3JkwhoXEgIFhxR0jKBhBDtcJLE9IhJr9lSOcJ+i0=", "last_login": null, "is_superuser": false, "username": "gorgola123", "first_name": "", "last_name": "", "email": "wijicic192@galcake.com", "is_staff": false, "is_active": true, "date_joined": "2023-03-14T15:57:36.323Z", "groups": [], "user_permissions": []}}, {"model": "auth.user", "pk": 33, "fields": {"password": "pbkdf2_sha256$390000$1dlop5DNrbKRTrU734ZbtT$h0HgooieYK7WxyJY5jukBATR7uSzQvReEHtvE27k0lo=", "last_login": null, "is_superuser": false, "username": "gorgola", "first_name": "", "last_name": "", "email": "gigijep874@galcake.com", "is_staff": false, "is_active": true, "date_joined": "2023-03-14T16:00:04.762Z", "groups": [], "user_permissions": []}}, {"model": "auth.user", "pk": 34, "fields": {"password": "pbkdf2_sha256$390000$XeZhUlk1jB07ctOlqR4nav$oUyxc0UDUx08ZEJPveEnIEvCoxhxxiIE9trhvaIbx+E=", "last_login": null, "is_superuser": false, "username": "logotypo", "first_name": "", "last_name": "", "email": "vigedoh862@oniecan.com", "is_staff": false, "is_active": true, "date_joined": "2023-03-14T16:06:53.902Z", "groups": [], "user_permissions": []}}, {"model": "auth.user", "pk": 35, "fields": {"password": "pbkdf2_sha256$390000$HBLwgO0wrOB5eMcECilAVU$GerRr9a+WBFMZWj0Hc1pp3sW33VZu7fiqsqO39FV5Bg=", "last_login": null, "is_superuser": false, "username": "guligon", "first_name": "", "last_name": "", "email": "bocov12973@huvacliq.com", "is_staff": false, "is_active": true, "date_joined": "2023-03-14T17:38:54.152Z", "groups": [], "user_permissions": []}}, {"model": "auth.user", "pk": 36, "fields": {"password": "pbkdf2_sha256$390000$biWaifj6fwEJRE0aUyo9Ea$Fje2BftSi5okBGhu58tuAKQq8D1suvrTMlU56136ZnI=", "last_login": null, "is_superuser": false, "username": "limpompom", "first_name": "", "last_name": "", "email": "royima6387@oniecan.com", "is_staff": false, "is_active": true, "date_joined": "2023-03-14T17:46:09.148Z", "groups": [], "user_permissions": []}}, {"model": "auth.user", "pk": 37, "fields": {"password": "pbkdf2_sha256$390000$Ak8dJktW29UWDJ31kVzp10$VOWJoyM4xT6RY4ZXBfzEDPnYpwbmDTsUuwVRg8+a+rQ=", "last_login": null, "is_superuser": false, "username": "rewend", "first_name": "", "last_name": "", "email": "vajaco2186@galcake.com", "is_staff": false, "is_active": true, "date_joined": "2023-03-14T17:51:52.418Z", "groups": [], "user_permissions": []}}, {"model": "auth.user", "pk": 38, "fields": {"password": "pbkdf2_sha256$390000$TPLUDxxHT4rVCA5plxbFUD$K3wsi2bq+Mw6XHUV9OM208bgiD+2FVSXY5s+B14y3Z0=", "last_login": null, "is_superuser": false, "username": "ukalele", "first_name": "", "last_name": "", "email": "miboxan579@etondy.com", "is_staff": false, "is_active": true, "date_joined": "2023-03-14T18:00:38.521Z", "groups": [], "user_permissions": []}}, {"model": "auth.user", "pk": 39, "fields": {"password": "pbkdf2_sha256$390000$FnY4L2mkqxbA9tK7h9WLtv$nUFH23spXSNfkUQ3uic/18/DG41ItTuCbKirdhGey/I=", "last_login": null, "is_superuser": false, "username": "popolina", "first_name": "", "last_name": "", "email": "xibev48502@loongwin.com", "is_staff": false, "is_active": true, "date_joined": "2023-03-14T18:12:52.662Z", "groups": [], "user_permissions": []}}, {"model": "auth.user", "pk": 40, "fields": {"password": "pbkdf2_sha256$390000$pDiRXZh11pX0N1Uzh0qWuU$wZWz3W5Hrh4zVESATSE7Rj5SsihIli1+i0m9kZnYkZk=", "last_login": "2023-03-14T18:55:49.957Z", "is_superuser": false, "username": "rewoltor", "first_name": "", "last_name": "", "email": "ledopic696@oniecan.com", "is_staff": false, "is_active": true, "date_joined": "2023-03-14T18:43:33.879Z", "groups": [], "user_permissions": []}}, {"model": "auth.user", "pk": 41, "fields": {"password": "pbkdf2_sha256$390000$yZ4bKOjIwSzDMfJUAAYS9S$IJr1T3jCYRhFPP6W0Rfd3UUBUFETBs7r+zYOPAQ3DdI=", "last_login": "2023-03-14T19:00:22.140Z", "is_superuser": false, "username": "heroglifo", "first_name": "", "last_name": "", "email": "joxod77072@etondy.com", "is_staff": false, "is_active": true, "date_joined": "2023-03-14T18:58:30.256Z", "groups": [], "user_permissions": []}}, {"model": "auth.user", "pk": 42, "fields": {"password": "pbkdf2_sha256$390000$Edf4DWBgFzSHgeWN0yq0R3$6m2N6EOnP8WHvPCTJ8dAGTyKhm7WaqqeODlDCyWMf54=", "last_login": null, "is_superuser": false, "username": "testtesttesting", "first_name": "", "last_name": "", "email": "test@test.testing", "is_staff": false, "is_active": true, "date_joined": "2023-03-22T14:05:34.830Z", "groups": [], "user_permissions": []}}, {"model": "sessions.session", "pk": "0jz08jmxf2bx78mw4y4io4kj7dxapefl", "fields": {"session_data": ".eJxVjEEOwiAQRe_C2pDplOmAS_eegcBApGogKe3KeHdt0oVu_3vvv5QP21r81vPi56TOCtXpd4tBHrnuIN1DvTUtra7LHPWu6IN2fW0pPy-H-3dQQi_fWjIRAySUPFjAbCYEZ-LI1jIOow0OyZAjYXHOMBDIxBZHTjagI1DvD6gWNdc:1pIXVi:mz8STqKIVAQEMCFvabUtfX672dtTlj1zv36VItguuZI", "expire_date": "2023-02-02T16:11:30.088Z"}}, {"model": "sessions.session", "pk": "0wit31brojk1zrd1yotoib1f3bo0lk1t", "fields": {"session_data": ".eJxVjEEOwiAQRe_C2pDplOmAS_eegcBApGogKe3KeHdt0oVu_3vvv5QP21r81vPi56TOCtXpd4tBHrnuIN1DvTUtra7LHPWu6IN2fW0pPy-H-3dQQi_fWjIRAySUPFjAbCYEZ-LI1jIOow0OyZAjYXHOMBDIxBZHTjagI1DvD6gWNdc:1pajX2:CQnW2Rn0KMhuE0xhlF63mcbcRGm6THmkJP8QQoc5Ae4", "expire_date": "2023-03-24T20:40:04.215Z"}}, {"model": "sessions.session", "pk": "2bw2e3xr6kn08miotle3zbxdssp7r9dy", "fields": {"session_data": "eyJiYWciOnsiNDEiOjF9fQ:1pexjr:5ijnrfS-LNBuOiWdm3uUMHiHL-lWRB3vWC7ETQm8xXU", "expire_date": "2023-04-05T12:38:47.885Z"}}, {"model": "sessions.session", "pk": "2e15x9r835nqs43yfuwwb94ls1bulfk2", "fields": {"session_data": "e30:1pZZs5:5NF2jj3by8P7QdoPYmkCl9GsT3sH0c2wEfQG_5W07hQ", "expire_date": "2023-03-21T16:09:01.454Z"}}, {"model": "sessions.session", "pk": "33zouzbzkm1jh08zlgju0plj2l9xz6xh", "fields": {"session_data": ".eJxVjEEOwiAQRe_C2pDplCnQpXvPQChMLGrAQJtojHfXJl3o9r_330s4vy6zWxtXl6IYBYrD7zb5cOW8gXjx-VxkKHmpaZKbInfa5KlEvh139y8w-zZ_34GJNEDEwJ0BZDUgWDX12hiNXW-8RVJkKehgrdJAEAZtsNfReLQEW7Rxa6lkx497qk8xwvsDJzg9FA:1peXWX:uEzTXlF5765k-gi2lc98t-CpWDl42Gm_VuaUS67j3T8", "expire_date": "2023-04-04T08:39:17.602Z"}}, {"model": "sessions.session", "pk": "3ryhxau86z361t9c41g66m75zw7l3qny", "fields": {"session_data": ".eJxVjEEOwiAQRe_C2hBgoHRcuu8ZyABTqRqalHZlvLsh6UK3_7333yLQsZdwNN7CksVVWHH53SKlJ9cO8oPqfZVprfu2RNkVedImpzXz63a6fweFWul1MnMGcN4joEmjQudRkx_JIgESabQKBj-omLNmBLLM4MHMToFBIz5fxEs2ww:1pIdBE:4eTlOBlntBxQHZHo6teA_zNe9fCEq8C_r1MmFqiFRUM", "expire_date": "2023-02-02T22:14:44.919Z"}}, {"model": "sessions.session", "pk": "4z6gg0i7ljtizjda2zytqfzz57vd4rkh", "fields": {"session_data": "eyJiYWciOnsiMjMiOjF9fQ:1pXRPy:s3siyK8kstq9k41vl4_-v12Wlg6KgBsLgbuRGybg484", "expire_date": "2023-03-15T18:43:10.146Z"}}, {"model": "sessions.session", "pk": "6thoacx898bzg72dvf3nmp585pqjur24", "fields": {"session_data": "eyJfc2Vzc2lvbl9leHBpcnkiOjB9:1paI9N:LCkKz5xG1q2cwKoS1hhNc8ZKXuzYKFAi6xTKJdPi-hk", "expire_date": "2023-03-23T15:25:49.992Z"}}, {"model": "sessions.session", "pk": "8qc5jytb0k2nprnr0otrh7vlij8i4yyg", "fields": {"session_data": ".eJxVjMsOwiAQRf-FtSGDwPSxdO83kAGmFjVgSptojP9um3Sh23vOPW_haJlHt1SeXIqiFwbE4Xf0FG6cNxKvlC9FhpLnKXm5KXKnVZ5L5Ptpd_8CI9VxfSvGLrZ68Bg0azKa0MPAlghVYwPAKtjQogEVCQyZqFpga7Rv0DP6LVq51lSy4-cjTS_RqyN0CPD5AjoHQIk:1pc9cx:Iaut6Ar7zGwu5QIdCvcN2Hznz-kW6jyYhoVpk41tEzM", "expire_date": "2023-03-28T18:44:03.272Z"}}, {"model": "sessions.session", "pk": "997kspnlhmn6wckpzqnu73ldfoej3dhj", "fields": {"session_data": ".eJxVjEEOwiAQRe_C2pDpFDrQpXvPQChMLGrAQJtojHfXJt10-997_yNc49ZSyY5fz1TfYoSTcH5dZrc2ri5FMQoUh23y4c55A_Hm87XIUPJS0yQ3Re60yUuJ_Djv7uFg9m3-14G1JoCIgTsDyGpAsGrqyRjCrjfeolba6kDBWkWgIQxksKdoPFoN4vsD0PI9FA:1pc5QY:kSjJR6MRkYIjQnwbnRbF9h5t_JyQOS32f5faZYepwfI", "expire_date": "2023-03-28T14:14:58.798Z"}}, {"model": "sessions.session", "pk": "9aeff92he7yu6o0p7ki8z6hmgtnb0jl9", "fields": {"session_data": ".eJxVjMEOgyAQRP9lz40RXZF6qz9ClmWNpBQThV6a_nu18eJxZt68DxDzUlK2b1nDFMRbeVGIMKQS4w0slTzbsslqg4cBlIJL6Yifko6FYjzq6vRVf-act-qxJ0k5MOWwpPF8XVQzbfPu6Tsn2BpHyhhsvCiq26luWTeMSnzD7Ax6o9kgUi1a3_UBSs_I3BmE7w-vgkez:1pZYER:1-75nVdVuL64eOOCh9nSJMbmjrbgzP2PlC3ymkSt0ZI", "expire_date": "2023-03-21T14:23:59.403Z"}}, {"model": "sessions.session", "pk": "9rg6seogoaxxlbl220wo3mkk96z3vrka", "fields": {"session_data": "e30:1pZZS2:5_u1YQneZkw7Co-hX8s9dztiLQcNjeIpQkyKhcVeS58", "expire_date": "2023-03-21T15:42:06.113Z"}}, {"model": "sessions.session", "pk": "a4ztk0sel531liw7owl3rmoq2mr976sf", "fields": {"session_data": ".eJxVjEEOwiAQRe_C2pDplOmAS_eegcBApGogKe3KeHdt0oVu_3vvv5QP21r81vPi56TOCtXpd4tBHrnuIN1DvTUtra7LHPWu6IN2fW0pPy-H-3dQQi_fWjIRAySUPFjAbCYEZ-LI1jIOow0OyZAjYXHOMBDIxBZHTjagI1DvD6gWNdc:1pIWHa:c_sjNEX2Atjm2Shb2BmM7fVJOY6j3GmTHBZllHpIZmM", "expire_date": "2023-02-02T14:52:50.795Z"}}, {"model": "sessions.session", "pk": "agkuy110xgjm1eu2z2vs2ly4s94kpb25", "fields": {"session_data": "e30:1pZquY:EpgpZ0azZw5gD87QMBJtuztCx3cbJkq1pE9k-uxnOfw", "expire_date": "2023-03-22T10:20:42.638Z"}}, {"model": "sessions.session", "pk": "bbkj13icyyd2ocuna5zu2umsessrdull", "fields": {"session_data": "e30:1pZdrB:w_hAC2tavoWL9RH_m7xMHRnC3nuekomtWYC8FRpxRW4", "expire_date": "2023-03-21T20:24:21.271Z"}}, {"model": "sessions.session", "pk": "crbtuch8u9ktjt428p1lk9j5vtxdr045", "fields": {"session_data": ".eJxVjMsOgyAURP_lro0RFC-wa3-EXF6VlNJEpRvjv7c2blzOmZmzgaUH6A2YBM0a4AI03xsg5961rOYT5hRT8Ca8KGXQpebcgKG6TqYuYTbJgwYJF2bJPUM5Csr5wO2pa_-bs17a2y-FsiZHa3qX-_m6qCZapsMzOrSeCzF4dAJlZxH7sVdWdQM67i1TrIuRRZTIlSQiywP1aohdRGEJ9i_9Akzj:1pNVAW:XEYfyeM_ZYmFYEf-cnAGXrOEtBn47JFwox6wUAL8gcs", "expire_date": "2023-02-16T08:42:08.814Z"}}, {"model": "sessions.session", "pk": "dfmfhitm9wrdoriqj22jk3l6wfajwlox", "fields": {"session_data": ".eJxVjEEOwiAQRe_C2pDplOmAS_eegcBApGogKe3KeHdt0oVu_3vvv5QP21r81vPi56TOCtXpd4tBHrnuIN1DvTUtra7LHPWu6IN2fW0pPy-H-3dQQi_fWjIRAySUPFjAbCYEZ-LI1jIOow0OyZAjYXHOMBDIxBZHTjagI1DvD6gWNdc:1pZtGM:HyhdR9EElzLUqnlNs228zB577yQpn-4Ik0m0SgO0Nr0", "expire_date": "2023-03-22T12:51:22.074Z"}}, {"model": "sessions.session", "pk": "dykqsx5e3yn9cabay0k7czalo4g3t8fk", "fields": {"session_data": ".eJxVjEEOwiAQRe_C2pDpFDrQpXvPQChMLGrAQJtojHfXJt10-997_yNc49ZSyY5fz1TfYoSTcH5dZrc2ri5FMQoUh23y4c55A_Hm87XIUPJS0yQ3Re60yUuJ_Djv7uFg9m3-14G1JoCIgTsDyGpAsGrqyRjCrjfeolba6kDBWkWgIQxksKdoPFoN4vsD0PI9FA:1pajsh:ApNYeyR8yGf3cDzAXlm8un3NN5BiFjWCCrAFYNSDL5g", "expire_date": "2023-03-24T21:02:27.128Z"}}, {"model": "sessions.session", "pk": "grtvkw1834oaauturu8fmpv5z4lwvaus", "fields": {"session_data": "eyJiYWciOnsiMjUiOjF9LCJfbWVzc2FnZXMiOiJbW1wiX19qc29uX21lc3NhZ2VcIiwgMCwgMjUsIFwiQWRkZWQgSkNQIFBlbmNpbCBMaWdodCB0byB5b3VyIGJhZ1wiLCBcIlwiXV0ifQ:1pIRWt:KeyjFYy_01BxFZhycCTFVyjC74OkwF-9dgrCjv8MnZs", "expire_date": "2023-02-02T09:48:19.732Z"}}, {"model": "sessions.session", "pk": "kpfci4it5xby9cbegnhqlgnozk9vuvb6", "fields": {"session_data": ".eJxVjEEOwiAQRe_C2pDplOmAS_eegcBApGogKe3KeHdt0oVu_3vvv5QP21r81vPi56TOCtXpd4tBHrnuIN1DvTUtra7LHPWu6IN2fW0pPy-H-3dQQi_fWjIRAySUPFjAbCYEZ-LI1jIOow0OyZAjYXHOMBDIxBZHTjagI1DvD6gWNdc:1pIQPB:_BU3EVxBBFqcJO61XesU6zWa2iDnO2Wzb6-A5qqyUds", "expire_date": "2023-02-02T08:36:17.667Z"}}, {"model": "sessions.session", "pk": "ncs8ybwsv78voh2rfw0z38llronpr7qp", "fields": {"session_data": "eyJiYWciOnsiMTUiOjN9fQ:1pYOYs:YQVzUhpw7QeXYs13AxB6_H6zytt7f7AxB0A4bTHIeDQ", "expire_date": "2023-03-18T09:52:18.339Z"}}, {"model": "sessions.session", "pk": "ofh97reqw8xh4josrr4cterzdo61eraj", "fields": {"session_data": ".eJxVjM1qwzAQhN9lz8HYlvwjHXPvM4hd7TpW60hFsktLyLvXDiGQ2zDfN3MD9D5tcXU_ksMUhJ1cMSxg47YspxfdimSwkOEErkgpIUUnv98h_4Gt9w63dX5ILvDutQO8lYT-S-JB-BPjJVU-xTUHqg6letJSfSSW5fx03w5mLPO-Vo1mVKKVJmamnsV4GtTQ646nTrXjZDqhuh2NMqLUHqnxRtq-HrlGOk4JL2BvoBuwzf3-D2eHVYc:1pZrQO:lR40a2wxe8DiJajs4d3XykZ5Uxo1R_b7CUpRSWnYj44", "expire_date": "2023-03-22T10:53:36.854Z"}}, {"model": "sessions.session", "pk": "pggddfd0c2upfpvhxjf7wmgsjrl6yqw5", "fields": {"session_data": ".eJxVjDsOgzAQBe-ydWQti5e1KdPnDGj9EZBEIGGoEHdPkGho38y8HYL20O5ADG11PKDTbR26reSlGxO0QHDbgsZPnk6Q3jr1s4nztC5jMKdiLlrMa075-7zc28GgZfjXMTMLYqKYK4eUbUPobajFOaGqduqJLXuOEr23goyxEUe1JKfkGeH4AWO6Obk:1pISoS:6qUkUlMG8gRoupgm2D-xa6_7swzoh6eiAbc7JPe4u20", "expire_date": "2023-02-02T11:10:32.426Z"}}, {"model": "sessions.session", "pk": "pk6cpbttrfj72le4mcxaqzo913y93lrw", "fields": {"session_data": "e30:1pc9rH:7rVOyFxAYP5wX6pjx1hHKuTSgquB8mDB8ZH8LhOa1Q8", "expire_date": "2023-03-28T18:58:51.282Z"}}, {"model": "sessions.session", "pk": "qf83hglns31w7tdgof5hqpn078kc4dqz", "fields": {"session_data": ".eJxVjEsOgzAMBe-SdRUZE-OEZfecATlOBLQVSHxWiLsXJBbt9s282U0r29q325LndkimNmgev1sUfefxAuklYzdZncZ1HqK9FHvTxTZTyp_n7f4Feln6862ZiAESai48YHYVQnCxZO8Zi9JLQHIUSFlDcAwEWrHHkpMXDARnNEpn6t2QqYvj-AKyEzmH:1pJMGY:6rDmyurOwPLj7xRxGjS14pQq5k2efxbbOsysoD3DVkw", "expire_date": "2023-02-04T22:23:14.204Z"}}, {"model": "sessions.session", "pk": "qjx88e9bbzdltpqewc33obbncwo0b1uy", "fields": {"session_data": ".eJxVjEEOwiAQRe_C2pDplCnQpXvPQChMLGrAQJtojHfXJl3o9r_330s4vy6zWxtXl6IYBYrD7zb5cOW8gXjx-VxkKHmpaZKbInfa5KlEvh139y8w-zZ_34GJNEDEwJ0BZDUgWDX12hiNXW-8RVJkKehgrdJAEAZtsNfReLQEW7Rxa6lkx497qk8xwvsDJzg9FA:1peAZt:zZZnK3MN8WWkn8LA63Fi0CKtOeiWgEVEEYV89oC9VNQ", "expire_date": "2023-04-03T08:09:13.034Z"}}, {"model": "sessions.session", "pk": "scpw5kl7pkaw52w3lu31f4kym64rwcia", "fields": {"session_data": "eyJiYWciOnsiNDUiOjR9fQ:1pK1tY:ipUPZA4MFcv6PvAPJwcsfMwafanTUtVW3eTmmbDg04A", "expire_date": "2023-02-06T18:50:16.488Z"}}, {"model": "sessions.session", "pk": "stssdr869mivco786229dyakd2xsqm0q", "fields": {"session_data": ".eJxVjMEOwiAQRP-FsyFA6YIevfsNZNndStWUpLQn47_bJj3obTLvzbxVwnUpaW0yp5HVRQV1-u0y0lOmHfADp3vVVKdlHrPeFX3Qpm-V5XU93L-Dgq1sa9ehRTBMtvdn78gZx4zZotho_RAlgI1ePJAAO9lC7sAIIffiBgjq8wXgzzgj:1pK0Mr:-KriSgZbN0ED3AgIWahG-8Nh9HAexz0O05MtSSWXbJw", "expire_date": "2023-02-06T17:12:25.377Z"}}, {"model": "sessions.session", "pk": "tgxm8nl899rmxqijfolytov5o57sgin5", "fields": {"session_data": ".eJxVjEFuwjAQRe8y6yiKGzs4XnbPGayZ8ZiYpjaKE9QKcfeSCiGxfe__dwNkLlte_VWWFJMEL9-YZnB5m-fmZbcqCzhQBhrwuK3TP_EpPKBW75CQvyTvJpwxn0rLJa9LonaftE9b22MJMn8-t2-BCev0ePfCHwcdQ9_boetY6UCHUY-klRYmiSiR0JhuiJbNYKzRo6HAcQgUrLJxj1apNZXs5eeSll9wXQOEJ3A30D04db__AfcPVbs:1pc9zN:btcQgAbb-tq4ceezYRQQBNGgwprqOt4PYU2IcpqfGpk", "expire_date": "2023-03-28T19:07:13.364Z"}}, {"model": "sessions.session", "pk": "tkolaxapx8207ywk8eh6ye9m20mwg68w", "fields": {"session_data": "e30:1pZZyF:5ZXyaqtL3rZ38qMvls91MDXDTiAqFssRCQxtnmhelUw", "expire_date": "2023-03-21T16:15:23.783Z"}}, {"model": "sessions.session", "pk": "tyyqocx82vxyfn8kafwnrqe0iuizl0jc", "fields": {"session_data": "eyJzYXZlX2luZm8iOmZhbHNlLCJiYWciOnsiMjAiOjMsIjM2IjozfX0:1pJeLe:oWZ6yTcb8TwbIvo_xvBsKVBvGD9wGstZl1n0W_4aJaQ", "expire_date": "2023-02-05T17:41:42.049Z"}}, {"model": "sessions.session", "pk": "vsw07r7512nvjny4bhkp3h0imoygdbot", "fields": {"session_data": "e30:1pZqzA:8IOaQTdvpxCulaf4KPob1t2q2LUDHzmGJ_moYCQZccs", "expire_date": "2023-03-22T10:25:28.134Z"}}, {"model": "sessions.session", "pk": "wajy995urzpnqp6cplip8cm9w4t9413r", "fields": {"session_data": ".eJxVjEEOwiAQRe_C2pDpFDrQpXvPQChMLGrAQJtojHfXJt10-997_yNc49ZSyY5fz1TfYoSTcH5dZrc2ri5FMQoUh23y4c55A_Hm87XIUPJS0yQ3Re60yUuJ_Djv7uFg9m3-14G1JoCIgTsDyGpAsGrqyRjCrjfeolba6kDBWkWgIQxksKdoPFoN4vsD0PI9FA:1pcpKd:QvCJsqtZzfcpS3gyU7R7JcMW4FibkfTmAyPegp28T-0", "expire_date": "2023-03-30T15:15:55.206Z"}}, {"model": "sessions.session", "pk": "wpfyway8bjewkv8aztss37dz2ytvs85t", "fields": {"session_data": "eyJiYWciOnsiMjUiOjF9fQ:1pHo8u:UgawoW6GinUYtOovOrTQlrGbNKCy6MyPYmd0WKFqa_s", "expire_date": "2023-01-31T15:44:56.687Z"}}, {"model": "sessions.session", "pk": "xlj69c3fcza0srtxwvo4gtwv6ujhd1zz", "fields": {"session_data": ".eJxVjDsOgzAQBe-yNbLstRevXabPGdD6IyCJQOJTIe6eIKWhfTPzDkjSQzwALUTTgDMQ-Wygk30bun2tSzcWiIBw25Lkd50uUF4y9bPK87QtY1KXov50Vc-51M_j794OBlmHX50rkde6YK6GNVbXog4uWc_s0ViWgOQoUPY5BOc16dx6RusLCwbScH4BXNw6_g:1pI9a2:nYcSPqZ3Ol67wlXuqIbBFXVYIHe0cBvLC9MGm_OKRYM", "expire_date": "2023-02-01T14:38:22.385Z"}}, {"model": "sessions.session", "pk": "xpjfkbffd2l6a23xpfohi37miiqjssqp", "fields": {"session_data": ".eJxVjEEOwiAQRe_C2pDplOmAS_eegcBApGogKe3KeHdt0oVu_3vvv5QP21r81vPi56TOCtXpd4tBHrnuIN1DvTUtra7LHPWu6IN2fW0pPy-H-3dQQi_fWjIRAySUPFjAbCYEZ-LI1jIOow0OyZAjYXHOMBDIxBZHTjagI1DvD6gWNdc:1pNVCE:S_n1XqLABLuxnU6JMBh0oKRWDLsHXgi4VLxXTin07Ds", "expire_date": "2023-02-16T08:43:54.559Z"}}, {"model": "sites.site", "pk": 1, "fields": {"domain": "example.com", "name": "example.com"}}, {"model": "account.emailaddress", "pk": 4, "fields": {"user": 5, "email": "krekeriai@gmail.com", "verified": false, "primary": true}}, {"model": "account.emailaddress", "pk": 5, "fields": {"user": 6, "email": "kobra@gmail.com", "verified": false, "primary": true}}, {"model": "account.emailaddress", "pk": 6, "fields": {"user": 8, "email": "cecav31936@fsouda.com", "verified": false, "primary": true}}, {"model": "account.emailaddress", "pk": 7, "fields": {"user": 9, "email": "mailmeviainternet@gmail.com", "verified": true, "primary": true}}, {"model": "account.emailaddress", "pk": 9, "fields": {"user": 11, "email": "test@test.com", "verified": false, "primary": true}}, {"model": "account.emailaddress", "pk": 11, "fields": {"user": 13, "email": "resape9323@fenwazi.com", "verified": false, "primary": true}}, {"model": "account.emailaddress", "pk": 12, "fields": {"user": 14, "email": "esminis@yahoo.com", "verified": false, "primary": true}}, {"model": "account.emailaddress", "pk": 13, "fields": {"user": 15, "email": "gaxes76172@maazios.com", "verified": false, "primary": true}}, {"model": "account.emailaddress", "pk": 14, "fields": {"user": 16, "email": "hakejob985@luxeic.com", "verified": true, "primary": true}}, {"model": "account.emailaddress", "pk": 15, "fields": {"user": 17, "email": "semad59134@luxeic.com", "verified": false, "primary": true}}, {"model": "account.emailaddress", "pk": 16, "fields": {"user": 18, "email": "mecolo7049@luxeic.com", "verified": false, "primary": true}}, {"model": "account.emailaddress", "pk": 17, "fields": {"user": 19, "email": "gipak65316@luxeic.com", "verified": false, "primary": true}}, {"model": "account.emailaddress", "pk": 18, "fields": {"user": 20, "email": "rahike8308@proexbol.com", "verified": false, "primary": true}}, {"model": "account.emailaddress", "pk": 19, "fields": {"user": 21, "email": "palixa8495@gpipes.com", "verified": false, "primary": true}}, {"model": "account.emailaddress", "pk": 20, "fields": {"user": 22, "email": "sipexex805@terkoer.com", "verified": false, "primary": true}}, {"model": "account.emailaddress", "pk": 21, "fields": {"user": 23, "email": "herise5369@luxeic.com", "verified": false, "primary": true}}, {"model": "account.emailaddress", "pk": 22, "fields": {"user": 24, "email": "bilelel579@fenwazi.com", "verified": true, "primary": true}}, {"model": "account.emailaddress", "pk": 23, "fields": {"user": 25, "email": "nexopi4476@gpipes.com", "verified": false, "primary": true}}, {"model": "account.emailaddress", "pk": 24, "fields": {"user": 26, "email": "rifid58517@orgria.com", "verified": true, "primary": true}}, {"model": "account.emailaddress", "pk": 25, "fields": {"user": 27, "email": "fotosa9128@proexbol.com", "verified": true, "primary": true}}, {"model": "account.emailaddress", "pk": 26, "fields": {"user": 29, "email": "test@test.test", "verified": false, "primary": true}}, {"model": "account.emailaddress", "pk": 28, "fields": {"user": 31, "email": "xomoxo2259@etondy.com", "verified": false, "primary": true}}, {"model": "account.emailaddress", "pk": 29, "fields": {"user": 32, "email": "wijicic192@galcake.com", "verified": false, "primary": true}}, {"model": "account.emailaddress", "pk": 30, "fields": {"user": 33, "email": "gigijep874@galcake.com", "verified": false, "primary": true}}, {"model": "account.emailaddress", "pk": 31, "fields": {"user": 34, "email": "vigedoh862@oniecan.com", "verified": false, "primary": true}}, {"model": "account.emailaddress", "pk": 32, "fields": {"user": 35, "email": "bocov12973@huvacliq.com", "verified": false, "primary": true}}, {"model": "account.emailaddress", "pk": 33, "fields": {"user": 36, "email": "royima6387@oniecan.com", "verified": false, "primary": true}}, {"model": "account.emailaddress", "pk": 34, "fields": {"user": 37, "email": "vajaco2186@galcake.com", "verified": false, "primary": true}}, {"model": "account.emailaddress", "pk": 35, "fields": {"user": 38, "email": "miboxan579@etondy.com", "verified": false, "primary": true}}, {"model": "account.emailaddress", "pk": 36, "fields": {"user": 2, "email": "admin@admin.admin", "verified": false, "primary": false}}, {"model": "account.emailaddress", "pk": 37, "fields": {"user": 39, "email": "xibev48502@loongwin.com", "verified": false, "primary": true}}, {"model": "account.emailaddress", "pk": 38, "fields": {"user": 40, "email": "ledopic696@oniecan.com", "verified": true, "primary": true}}, {"model": "account.emailaddress", "pk": 39, "fields": {"user": 41, "email": "joxod77072@etondy.com", "verified": true, "primary": true}}, {"model": "account.emailaddress", "pk": 40, "fields": {"user": 2, "email": "greta.baliunaite@gmail.com", "verified": true, "primary": true}}, {"model": "account.emailaddress", "pk": 41, "fields": {"user": 42, "email": "test@test.testing", "verified": false, "primary": true}}, {"model": "products.category", "pk": 1, "fields": {"name": "pencil", "presentable_name": "Pencil"}}, {"model": "products.category", "pk": 2, "fields": {"name": "pencil_cases", "presentable_name": "Pencil cases"}}, {"model": "products.category", "pk": 3, "fields": {"name": "bags", "presentable_name": "Bags"}}, {"model": "products.category", "pk": 4, "fields": {"name": "art_supplies", "presentable_name": "Art supplies"}}, {"model": "products.category", "pk": 5, "fields": {"name": "folders", "presentable_name": "Folders"}}, {"model": "products.category", "pk": 6, "fields": {"name": "diaries_copies", "presentable_name": "Diaries/ copies"}}, {"model": "products.category", "pk": 7, "fields": {"name": "stationary", "presentable_name": "Stationary"}}, {"model": "products.category", "pk": 8, "fields": {"name": "lunch_boxes", "presentable_name": "Lunch boxes"}}, {"model": "products.category", "pk": 9, "fields": {"name": "pencils", "presentable_name": "Pencils"}}, {"model": "products.product", "pk": 1, "fields": {"name": "Red Diary 50 pages", "description": "Red stylish diary with 50 pages. Good quality paper. A4 size", "sku": "pp5001340155", "category": 6, "price": "3.99", "rating": "4.6", "image_url": "/media/product_img/products(1).jpg", "image": "products(1).jpg", "pencil_softness": false, "folder_sizes": false, "lunch_box": false, "pencil_case": false, "copies": false}}, {"model": "products.product", "pk": 2, "fields": {"name": "Liz Ruler", "description": "Ruler mesure 30 cm", "sku": "pp5001600425", "category": 7, "price": "1.99", "rating": "4.6", "image_url": "/media/product_img/products(2).jpg", "image": "products(2).jpg", "pencil_softness": false, "folder_sizes": false, "lunch_box": false, "pencil_case": false, "copies": false}}, {"model": "products.product", "pk": 3, "fields": {"name": "Royal Colorfull Pencil Set", "description": "Colorfull pencil set of 12 includes primary colors and more. Suitable for arts and crafts", "sku": "pp5001730010", "category": 4, "price": "5.99", "rating": "4.7", "image_url": "/media/product_img/products(3).jpg", "image": "products(3).jpg", "pencil_softness": false, "folder_sizes": false, "lunch_box": false, "pencil_case": false, "copies": false}}, {"model": "products.product", "pk": 4, "fields": {"name": "Gibson Infinite Biro", "description": "A biro that will make your writing a pleasure even if you would e writing for hours. Light and easy to manuver", "sku": "pp5001890157", "category": 7, "price": "9.99", "rating": "3", "image_url": "/media/product_img/products(4).jpg", "image": "products(4).jpg", "pencil_softness": false, "folder_sizes": false, "lunch_box": false, "pencil_case": false, "copies": false}}, {"model": "products.product", "pk": 5, "fields": {"name": "Simply Information Holder", "description": "", "sku": "pp5002111605", "category": 6, "price": "32.99", "rating": "5", "image_url": "/media/product_img/products(5).jpg", "image": "products(5).jpg", "pencil_softness": false, "folder_sizes": false, "lunch_box": false, "pencil_case": false, "copies": false}}, {"model": "products.product", "pk": 6, "fields": {"name": "The Foundry Supply Pencil Case", "description": "", "sku": "pp5002260206", "category": 2, "price": "10.99", "rating": "4.7", "image_url": "/media/product_img/products(6).jpg", "image": "products(6).jpg", "pencil_softness": false, "folder_sizes": false, "lunch_box": false, "pencil_case": false, "copies": false}}, {"model": "products.product", "pk": 7, "fields": {"name": "Classic Set of Stickes", "description": "Good quality stickers for daily use. Reminders are a part of any routine. Organization is a key of success. ", "sku": "pp5002440521", "category": 7, "price": "59.00", "rating": "4.4", "image_url": "/media/product_img/products(7).jpg", "image": "products(7).jpg", "pencil_softness": false, "folder_sizes": false, "lunch_box": false, "pencil_case": false, "copies": false}}, {"model": "products.product", "pk": 8, "fields": {"name": "Rachael Markers", "description": "These markers will give you great opportunity to color your life in bright colors. ", "sku": "pp5002601115", "category": 7, "price": "6.99", "rating": "4.5", "image_url": "/media/product_img/products(8).jpg", "image": "products(8).jpg", "pencil_softness": false, "folder_sizes": false, "lunch_box": false, "pencil_case": false, "copies": false}}, {"model": "products.product", "pk": 9, "fields": {"name": "Protech Performance Sheet Set", "description": "Steel scissors. Right handed. Usable for paper and fabric. Will be usable for very long time before will need to sharpen then again. ", "sku": "pp5002690715", "category": 7, "price": "9.99", "rating": "4.7", "image_url": "/media/product_img/products(9).jpg", "image": "products(9).jpg", "pencil_softness": false, "folder_sizes": false, "lunch_box": false, "pencil_case": false, "copies": false}}, {"model": "products.product", "pk": 10, "fields": {"name": "Maths equipment", "description": "Complete the look of your pencil case by adding a great measure tool. Will set you for the great start of any great project to be. ", "sku": "pp5002701115", "category": 7, "price": "0.99", "rating": "4.4", "image_url": "/media/product_img/products(10).jpg", "image": "products(10).jpg", "pencil_softness": false, "folder_sizes": false, "lunch_box": false, "pencil_case": false, "copies": false}}, {"model": "products.product", "pk": 11, "fields": {"name": "Chef Designs Rubber", "description": "Stylish, colorfull rubber will last long time, ease to clean of dirt, easy to erase any mistakes written with pencil", "sku": "pp5002761055", "category": 7, "price": "2.99", "rating": "3", "image_url": "/media/product_img/products(11).jpg", "image": "products(11).jpg", "pencil_softness": false, "folder_sizes": false, "lunch_box": false, "pencil_case": false, "copies": false}}, {"model": "products.product", "pk": 12, "fields": {"name": "Crew crayons", "description": "Keep your world colorfull and bright of colors. Big set of different colors for any art projects or home crafts. ", "sku": "pp5002820069", "category": 4, "price": "19.99", "rating": "4.6", "image_url": "/media/product_img/products(12).jpg", "image": "products(12).jpg", "pencil_softness": false, "folder_sizes": false, "lunch_box": false, "pencil_case": false, "copies": false}}, {"model": "products.product", "pk": 13, "fields": {"name": "Champion Toppers", "description": "Sharp tool for you hard work with pencils, in arts and projects, to make easy.", "sku": "pp5002820147", "category": 7, "price": "2.00", "rating": "3.2", "image_url": "/media/product_img/products(13).jpg", "image": "products(13).jpg", "pencil_softness": false, "folder_sizes": false, "lunch_box": false, "pencil_case": false, "copies": false}}, {"model": "products.product", "pk": 14, "fields": {"name": "Stafford 2-pk folders", "description": "Stafford folders will make life easy and organised. All range of colors to make organisation ever more advanced. ", "sku": "pp5002910572", "category": 5, "price": "26.99", "rating": "4.7", "image_url": "/media/product_img/products(14).jpg", "image": "products(14).jpg", "pencil_softness": false, "folder_sizes": false, "lunch_box": false, "pencil_case": false, "copies": false}}, {"model": "products.product", "pk": 15, "fields": {"name": "Sharp 2-pk topper and pencil sets", "description": "Sets to make your work easier: two in one. HB pencil is simple to erase when needed. ", "sku": "pp5002990740", "category": 7, "price": "8.99", "rating": "4.8", "image_url": "/media/product_img/products(15).jpg", "image": "products(15).jpg", "pencil_softness": false, "folder_sizes": false, "lunch_box": false, "pencil_case": false, "copies": false}}, {"model": "products.product", "pk": 16, "fields": {"name": "Topper and pencil set", "description": "Set of designed topper and pencil will give you a bit of character on your work table or in your art corner. ", "sku": "pp5003050248", "category": 7, "price": "5.99", "rating": "4.4", "image_url": "/media/product_img/products(16).jpg", "image": "products(16).jpg", "pencil_softness": false, "folder_sizes": false, "lunch_box": false, "pencil_case": false, "copies": false}}, {"model": "products.product", "pk": 17, "fields": {"name": "Set of two toppers", "description": "Set your pancil-case ready with toppers to sharpen your pencils in the best way possible. ", "sku": "pp5003070787", "category": 7, "price": "3.99", "rating": "4.4", "image_url": "/media/product_img/products(17).jpg", "image": "products(17).jpg", "pencil_softness": false, "folder_sizes": false, "lunch_box": false, "pencil_case": false, "copies": false}}, {"model": "products.product", "pk": 18, "fields": {"name": "Marvet Markers", "description": "Set of big range in color markers will let you color your work inartistic way. Soft and and full of rich color. Case easy to keep them organized. ", "sku": "pp5003090182", "category": 4, "price": "59.99", "rating": "4.8", "image_url": "/media/product_img/products(18).jpg", "image": "products(18).jpg", "pencil_softness": false, "folder_sizes": false, "lunch_box": false, "pencil_case": false, "copies": false}}, {"model": "products.product", "pk": 19, "fields": {"name": "Marvet Ruler", "description": "20 cm ruler. No color, Clear. Easy to use for art projects and school or office work. Great tool to make lines straight. ", "sku": "pp5003090186", "category": 7, "price": "0.99", "rating": "5", "image_url": "/media/product_img/products(19).jpg", "image": "products(19).jpg", "pencil_softness": false, "folder_sizes": false, "lunch_box": false, "pencil_case": false, "copies": false}}, {"model": "products.product", "pk": 20, "fields": {"name": "JCP Pencil Dark", "description": "Keep it cool with a pencil that comes in range of hardness and softness. Choose the right softness for your work with paper. ", "sku": "pp5003161326", "category": 1, "price": "0.99", "rating": "4.7", "image_url": "/media/product_img/products(20).jpg", "image": "products(20).jpg", "pencil_softness": false, "folder_sizes": false, "lunch_box": false, "pencil_case": false, "copies": false}}, {"model": "products.product", "pk": 21, "fields": {"name": "Fabulous Pencils", "description": "The classic set of three pencils and rubbers. Colorful rubbers will make your day brighter.", "sku": "pp5003230723", "category": 7, "price": "60.99", "rating": "4.3", "image_url": "/media/product_img/products(21).jpg", "image": "products(21).jpg", "pencil_softness": false, "folder_sizes": false, "lunch_box": false, "pencil_case": false, "copies": false}}, {"model": "products.product", "pk": 22, "fields": {"name": "Silven Set of Craft Materials", "description": "Silven offers a set of craft material that is organised in the way to havemost needed tools for the arts and projects. Let yourself relax and Silven will take care of your set up for project. Keep it simple and organised. ", "sku": "pp5003270936", "category": 4, "price": "76.99", "rating": "5", "image_url": "/media/product_img/products(22).jpg", "image": "products(22).jpg", "pencil_softness": false, "folder_sizes": false, "lunch_box": false, "pencil_case": false, "copies": false}}, {"model": "products.product", "pk": 23, "fields": {"name": "Dockies Copy and Pencil Set", "description": "When your workday calls for a heavyweight work in office or school \"Dockies Copy and Pencil Set \" will be there for you. Be ready for hard work with right set of tools to make fabulous experience. ", "sku": "pp5003360384", "category": 6, "price": "29.99", "rating": "4.8", "image_url": "/media/product_img/products(23).jpg", "image": "products(23).jpg", "pencil_softness": false, "folder_sizes": false, "lunch_box": false, "pencil_case": false, "copies": false}}, {"model": "products.product", "pk": 24, "fields": {"name": "Royal Blue Pencil-case", "description": "The Royal Blue Pencil-case, with its unique design, offers comfort of organization of your pencils and toppers . With an inner core of strong material, it can fit up to 35 items in avarage. ", "sku": "pp5003440111", "category": 2, "price": "82.00", "rating": "3.8", "image_url": "/media/product_img/products(24).jpg", "image": "products(24).jpg", "pencil_softness": false, "folder_sizes": false, "lunch_box": false, "pencil_case": false, "copies": false}}, {"model": "products.product", "pk": 25, "fields": {"name": "JCP Pencil Light", "description": "This soft to hard to choose to your needs pencil will help you with any daily writing and sketching. Make it your way. Suitable for kind of paper work. ", "sku": "pp5003540313", "category": 1, "price": "1.99", "rating": "3", "image_url": "/media/product_img/products(25).jpg", "image": "products(25).jpg", "pencil_softness": false, "folder_sizes": false, "lunch_box": false, "pencil_case": false, "copies": false}}, {"model": "products.product", "pk": 26, "fields": {"name": "JCP Bag", "description": "A bag that will make your carry easy and enjoyable. Stylish bag with a lot of sections will make your organization skills impeccable. ", "sku": "pp5003560513", "category": 3, "price": "201.99", "rating": "4.4", "image_url": "/media/product_img/products(26).jpg", "image": "products(26).jpg", "pencil_softness": false, "folder_sizes": false, "lunch_box": false, "pencil_case": false, "copies": false}}, {"model": "products.product", "pk": 27, "fields": {"name": "Rachael Lunchbox Set", "description": "Youll really get exited with this incredible lunch box. Easy to fit sandwiches and vegetables. Separate sections for different kind of foods. Imported.   ", "sku": "pp5003560948", "category": 8, "price": "8.99", "rating": "5", "image_url": "/media/product_img/products(27).jpg", "image": "products(27).jpg", "pencil_softness": false, "folder_sizes": false, "lunch_box": false, "pencil_case": false, "copies": false}}, {"model": "products.product", "pk": 28, "fields": {"name": "Hanelds 3pk. Diary Set 2023", "description": "This diary set from Hanelds will not let you miss any of the important events or dates. Easy to carry around, compactable. In range of colors for different events. ", "sku": "pp5003570628", "category": 6, "price": "30.99", "rating": "4.3", "image_url": "/media/product_img/products(28).jpg", "image": "products(28).jpg", "pencil_softness": false, "folder_sizes": false, "lunch_box": false, "pencil_case": false, "copies": false}}, {"model": "products.product", "pk": 29, "fields": {"name": "Chenilton Notebook Set", "description": "Chenilton Notebook would give you a range of different notebooks and diaries, with pens to go along, to make it all set for your notes and reminders. There are no limits for your creativity. ", "sku": "pp5003620308", "category": 6, "price": "31.99", "rating": "4.6", "image_url": "/media/product_img/products(29).jpg", "image": "products(29).jpg", "pencil_softness": false, "folder_sizes": false, "lunch_box": false, "pencil_case": false, "copies": false}}, {"model": "products.product", "pk": 30, "fields": {"name": "Office Expressions Stickynotes", "description": "Our Office Expressions Stickynotes will make your life way easier to cope with all those reminders and to do lists. ", "sku": "pp5003690115", "category": 7, "price": "72.99", "rating": "5", "image_url": "/media/product_img/products(30).jpg", "image": "products(30).jpg", "pencil_softness": false, "folder_sizes": false, "lunch_box": false, "pencil_case": false, "copies": false}}, {"model": "products.product", "pk": 31, "fields": {"name": "Math Set Collection", "description": "Keep your math set ready for serious work. Schemes will be eady to handle with this math set. Perfection is easy to achieve with this set handy.", "sku": "pp5003690116", "category": 7, "price": "9.99", "rating": "4", "image_url": "/media/product_img/products(31).jpg", "image": "products(31).jpg", "pencil_softness": false, "folder_sizes": false, "lunch_box": false, "pencil_case": false, "copies": false}}, {"model": "products.product", "pk": 32, "fields": {"name": "Nikotton Stationaty", "description": "Get a set of stationary for your daily office or school work. All in one set. Includes ruler, pencil, notebook, topper, eraser", "sku": "pp5003780391", "category": 7, "price": "35.99", "rating": "4.8", "image_url": "/media/product_img/products(32).jpg", "image": "products(32).jpg", "pencil_softness": false, "folder_sizes": false, "lunch_box": false, "pencil_case": false, "copies": false}}, {"model": "products.product", "pk": 33, "fields": {"name": "Liznorthon Markers", "description": "Draw or highlight easy with these amazing markers with massive range in color. Easy to draw on papers and cardboard", "sku": "pp5003790542", "category": 4, "price": "8.99", "rating": "4.5", "image_url": "/media/product_img/products(33).jpg", "image": "products(33).jpg", "pencil_softness": false, "folder_sizes": false, "lunch_box": false, "pencil_case": false, "copies": false}}, {"model": "products.product", "pk": 34, "fields": {"name": "Staffants Black Diary 2023", "description": "Staffants is known for their impeccable quality in different range of diaries and folders. Always choose the right product for your daily routene. ", "sku": "pp5003831225", "category": 6, "price": "9.99", "rating": "4.5", "image_url": "/media/product_img/products(34).jpg", "image": "products(34).jpg", "pencil_softness": false, "folder_sizes": false, "lunch_box": false, "pencil_case": false, "copies": false}}, {"model": "products.product", "pk": 35, "fields": {"name": "Staffants Blank Notebool", "description": "Staffants is known for their impeccable quality in different range of diaries and folders. Always choose the right product for your daily routene. Blank page notebook. ", "sku": "pp5003861402", "category": 6, "price": "50.99", "rating": "4.7", "image_url": "/media/product_img/products(35).jpg", "image": "products(35).jpg", "pencil_softness": false, "folder_sizes": false, "lunch_box": false, "pencil_case": false, "copies": false}}, {"model": "products.product", "pk": 36, "fields": {"name": "Nikrew Bags and Purses", "description": "With different range of fabric, you will always find your bag. A lot of different sections to make save your time fo;r looking for items in your bag. ", "sku": "pp5003910638", "category": 3, "price": "23.99", "rating": "4.6", "image_url": "/media/product_img/products(36).jpg", "image": "products(36).jpg", "pencil_softness": false, "folder_sizes": false, "lunch_box": false, "pencil_case": false, "copies": false}}, {"model": "products.product", "pk": 37, "fields": {"name": "Royal Velvet Pencil-case", "description": "These pencil cases are nice to hold. Great organization for your pencils and toppers to hold. Fits up to 50 items of stationary elements.", "sku": "pp5003950574", "category": 2, "price": "21.99", "rating": "4", "image_url": "/media/product_img/products(37).jpg", "image": "products(37).jpg", "pencil_softness": false, "folder_sizes": false, "lunch_box": false, "pencil_case": false, "copies": false}}, {"model": "products.product", "pk": 38, "fields": {"name": "Levinster Square Notebook", "description": " Perfect for your art projects or notes. For organizational purposes or sketches and dravings, for notes or creative writing. ", "sku": "pp5003950576", "category": 6, "price": "6.99", "rating": "4.5", "image_url": "/media/product_img/products(38).jpg", "image": "products(38).jpg", "pencil_softness": false, "folder_sizes": false, "lunch_box": false, "pencil_case": false, "copies": false}}, {"model": "products.product", "pk": 39, "fields": {"name": "Rofters Bag Collections", "description": "Show off with your great material and extraordinary strong bag. Rofters Bag Collections offers great range of different design and material bags and handbags. Every time you choose Rofters Bag Collections items, you know that it will make your day comftable. ", "sku": "pp5003960062", "category": 3, "price": "201.99", "rating": "3.8", "image_url": "/media/product_img/products(39).jpg", "image": "products(39).jpg", "pencil_softness": false, "folder_sizes": false, "lunch_box": false, "pencil_case": false, "copies": false}}, {"model": "products.product", "pk": 40, "fields": {"name": "Royal Velvet Pencil-case", "description": "These pencil cases are nice to hold. Great organization for your pencils and toppers to hold. Fits up to 50 items of stationary elements. ", "sku": "pp5003960682", "category": 4, "price": "31.99", "rating": "5", "image_url": "/media/product_img/products(40).jpg", "image": "products(40).jpg", "pencil_softness": false, "folder_sizes": false, "lunch_box": false, "pencil_case": false, "copies": false}}, {"model": "products.product", "pk": 41, "fields": {"name": "Bosts Set of 2 Pencils", "description": "Choose hardness for your pencil or pencils. It is important to have the right tools for any art work or project. ", "sku": "pp5003960775", "category": 1, "price": "1.99", "rating": "3", "image_url": "/media/product_img/products(41).jpg", "image": "products(41).jpg", "pencil_softness": false, "folder_sizes": false, "lunch_box": false, "pencil_case": false, "copies": false}}, {"model": "products.product", "pk": 42, "fields": {"name": "Corelset Lunch Time", "description": "Strike the perfect balanced meal day with\" Corelset Lunch Time\" lunchboxes. Comes in different sizes", "sku": "pp5003990736", "category": 8, "price": "28.99", "rating": "4.7", "image_url": "/media/product_img/products(42).jpg", "image": "products(42).jpg", "pencil_softness": false, "folder_sizes": false, "lunch_box": false, "pencil_case": false, "copies": false}}, {"model": "products.product", "pk": 43, "fields": {"name": "Classic Pencil", "description": "Classic pencil will give you comfort in writing and drawing. Choose the right softness from a range offered for your own selection. ", "sku": "pp5003990746", "category": 1, "price": "1.99", "rating": "4", "image_url": "/media/product_img/products(43).jpg", "image": "products(43).jpg", "pencil_softness": false, "folder_sizes": false, "lunch_box": false, "pencil_case": false, "copies": false}}, {"model": "products.product", "pk": 44, "fields": {"name": "The Foundly Poll Calculator", "description": "Easy to use. Has memory set. It is a scientific calculator. Size 10x17 cm. Easy to fit into pencilcase", "sku": "pp5004111503", "category": 7, "price": "6.99", "rating": "4.9", "image_url": "/media/product_img/products(44).jpg", "image": "products(44).jpg", "pencil_softness": false, "folder_sizes": false, "lunch_box": false, "pencil_case": false, "copies": false}}, {"model": "products.product", "pk": 45, "fields": {"name": "Champion Toppers", "description": "Sharp tool for you hard work with pencils, in arts and projects, to make easy.", "sku": "pp5004230059", "category": 4, "price": "41.00", "rating": "4.6", "image_url": "/media/product_img/products(45).jpg", "image": "products(45).jpg", "pencil_softness": false, "folder_sizes": false, "lunch_box": false, "pencil_case": false, "copies": false}}, {"model": "products.product", "pk": 46, "fields": {"name": "Cotloft Nate Lunchbox", "description": "Keep your lunch warm for up to 8 hours. Easy to fit into bag, good few sections for different kind of foods to keep separate. ", "sku": "pp5004310089", "category": 8, "price": "122.99", "rating": "4.5", "image_url": "/media/product_img/products(46).jpg", "image": "products(46).jpg", "pencil_softness": false, "folder_sizes": false, "lunch_box": false, "pencil_case": false, "copies": false}}, {"model": "products.product", "pk": 47, "fields": {"name": "Gold Biro", "description": "As these simple good looking biros are light will make your writing very easy. Even using it for good few hours straight your hand will feel comfortable and at ease", "sku": "pp5004610254", "category": 7, "price": "48.99", "rating": "5", "image_url": "/media/product_img/products(47).jpg", "image": "products(47).jpg", "pencil_softness": false, "folder_sizes": false, "lunch_box": false, "pencil_case": false, "copies": false}}, {"model": "products.product", "pk": 48, "fields": {"name": "Jacques 3-pk. Diary-set", "description": "Three different type of diaries: with calendar, for draws and scetches and one for addreses and phone numbers. Comes in the size of 100 pages each", "sku": "pp5004650050", "category": 6, "price": "54.99", "rating": "3", "image_url": "/media/product_img/products(48).jpg", "image": "products(48).jpg", "pencil_softness": false, "folder_sizes": false, "lunch_box": false, "pencil_case": false, "copies": false}}, {"model": "products.product", "pk": 49, "fields": {"name": "Dislow Pencil Case", "description": "Great design for daily usage. Fits up to 10 items. Easy to fit in handbags and purses. Items stay organized in side the pencil case", "sku": "pp5004821375", "category": 2, "price": "60.99", "rating": "4", "image_url": "/media/product_img/products(49).jpg", "image": "products(49).jpg", "pencil_softness": false, "folder_sizes": false, "lunch_box": false, "pencil_case": false, "copies": false}}, {"model": "products.product", "pk": 50, "fields": {"name": "Dockters Calculator", "description": "Achieve effortless calculations with \"Dockters Calculator\". Easy to use and as a memory. It is a scientific calculator. Size 10x17 cm. Easy to fit into pencilcase", "sku": "pp5004900522", "category": 7, "price": "6.99", "rating": "4.6", "image_url": "/media/product_img/products(50).jpg", "image": "products(50).jpg", "pencil_softness": false, "folder_sizes": false, "lunch_box": false, "pencil_case": false, "copies": false}}, {"model": "products.product", "pk": 51, "fields": {"name": "Stylus Bag Plus", "description": "The classic styling and stong fabric of our Stylus Bags will make your carring a good experience. It has a set of rain protective shield and umbrella, packed at the bottom the bag. ", "sku": "pp5004910158", "category": 3, "price": "19.99", "rating": "3.8", "image_url": "/media/product_img/products(51).jpg", "image": "products(51).jpg", "pencil_softness": false, "folder_sizes": false, "lunch_box": false, "pencil_case": false, "copies": false}}, {"model": "products.product", "pk": 52, "fields": {"name": "Philan Scissors", "description": "Created exclusively for the crafts. Make your crafts extraordinary in the easiest way possible. Be creative with\"Philan Scissors\"", "sku": "pp5004910477", "category": 4, "price": "2.99", "rating": "5", "image_url": "/media/product_img/products(52).jpg", "image": "products(52).jpg", "pencil_softness": false, "folder_sizes": false, "lunch_box": false, "pencil_case": false, "copies": false}}, {"model": "products.product", "pk": 53, "fields": {"name": "Claibort Dieries and Notebooks", "description": "This easy-match set of diary, biros and notebook. Set for your reminders and planning of your projects or daily routene. ", "sku": "pp5004940703", "category": 6, "price": "53.99", "rating": "3.7", "image_url": "/media/product_img/products(53).jpg", "image": "products(53).jpg", "pencil_softness": false, "folder_sizes": false, "lunch_box": false, "pencil_case": false, "copies": false}}, {"model": "products.product", "pk": 54, "fields": {"name": "Red Biro", "description": "Classic color. Easy to hold. Comfortable for long hours writing. Imported", "sku": "pp5004991006", "category": 7, "price": "6.99", "rating": "5", "image_url": "/media/product_img/products(54).jpg", "image": "products(54).jpg", "pencil_softness": false, "folder_sizes": false, "lunch_box": false, "pencil_case": false, "copies": false}}, {"model": "products.product", "pk": 55, "fields": {"name": "Roxer Diary", "description": "Diffent sections for different subjects to keep thoughts and lists organized. This diary is great as a gift, too.", "sku": "pp5004991162", "category": 6, "price": "28.99", "rating": "4.5", "image_url": "/media/product_img/products(55).jpg", "image": "products(55).jpg", "pencil_softness": false, "folder_sizes": false, "lunch_box": false, "pencil_case": false, "copies": false}}, {"model": "products.product", "pk": 56, "fields": {"name": "Style Rulers Plus", "description": "Set of rulers for different kind of line and object approch. Draw lines and shapes easy. ", "sku": "pp5005000046", "category": 7, "price": "5.99", "rating": "3.9", "image_url": "/media/product_img/products(56).jpgp", "image": "products(56).jpg", "pencil_softness": false, "folder_sizes": false, "lunch_box": false, "pencil_case": false, "copies": false}}, {"model": "products.product", "pk": 57, "fields": {"name": "Madison Cling Bags", "description": "Best quality bags will give you comfort on daily basis. Compactable and reliable. Color pink", "sku": "pp5005070254", "category": 3, "price": "106.00", "rating": "4.7", "image_url": "/media/product_img/products(57).jpg", "image": "products(57).jpg", "pencil_softness": false, "folder_sizes": false, "lunch_box": false, "pencil_case": false, "copies": false}}, {"model": "products.product", "pk": 58, "fields": {"name": "Madison Cling Bags", "description": "Best quality bags will give you comfort on daily basis. Compactable and reliable. Color black", "sku": "pp5005071145", "category": 3, "price": "105.00", "rating": "3.3", "image_url": "/media/product_img/products(58).jpg", "image": "products(58).jpg", "pencil_softness": false, "folder_sizes": false, "lunch_box": false, "pencil_case": false, "copies": false}}, {"model": "products.product", "pk": 59, "fields": {"name": "Keuract Pencils", "description": "Primary color pencils. Great for arts, scetches, drawings. Imported.", "sku": "pp5005140282", "category": 7, "price": "6.99", "rating": "4", "image_url": "/media/product_img/products(59).jpg", "image": "products(59).jpg", "pencil_softness": false, "folder_sizes": false, "lunch_box": false, "pencil_case": false, "copies": false}}, {"model": "products.product", "pk": 60, "fields": {"name": "Stambilo Markers", "description": "Set of 18 highlighters. Great for offices, schools and art projects. ", "sku": "pp5005200166", "category": 7, "price": "5.99", "rating": "4.4", "image_url": "/media/product_img/products(60).jpg", "image": "products(60).jpg", "pencil_softness": false, "folder_sizes": false, "lunch_box": false, "pencil_case": false, "copies": false}}, {"model": "products.product", "pk": 61, "fields": {"name": "Eva Sana 4-pc. Blade Set", "description": "Great for art projects and crafts. Suitable for offices and hardware. Great to open boxes or cut through cardboard and paper. ", "sku": "pp5005210241", "category": 7, "price": "4.99", "rating": "4.5", "image_url": "/media/product_img/products(61).jpg", "image": "products(61).jpg", "pencil_softness": false, "folder_sizes": false, "lunch_box": false, "pencil_case": false, "copies": false}}, {"model": "products.product", "pk": 62, "fields": {"name": "Stambilo Markers", "description": "Set of 18 highlighters. Great for offices, schools and art projects. ", "sku": "pp5005280104", "category": 7, "price": "3.99", "rating": "5", "image_url": "/media/product_img/products(62).jpg", "image": "products(62).jpg", "pencil_softness": false, "folder_sizes": false, "lunch_box": false, "pencil_case": false, "copies": false}}, {"model": "products.product", "pk": 63, "fields": {"name": "Carleter's 4-pc. Brush set", "description": "Good quality range of brushes. Great for arts and crafts, school work, projects. Paintings will look amazing using these incredible brushes. ", "sku": "pp5005310360", "category": 4, "price": "1.99", "rating": "5", "image_url": "/media/product_img/products(63).jpg", "image": "products(63).png", "pencil_softness": false, "folder_sizes": false, "lunch_box": false, "pencil_case": false, "copies": false}}, {"model": "products.product", "pk": 64, "fields": {"name": "Arizona Graphic Notebooks", "description": "An edgy print on cotton-rich fabric will make your notebook cosy and pleasure to use. ", "sku": "pp5005330595", "category": 6, "price": "19.99", "rating": "4.9", "image_url": "/media/product_img/products(64).jpg", "image": "products(64).jpg", "pencil_softness": false, "folder_sizes": false, "lunch_box": false, "pencil_case": false, "copies": false}}, {"model": "products.product", "pk": 65, "fields": {"name": "Worthsant Stationary and Notebooks", "description": "Ruled 60 pages notebook. ", "sku": "pp5005330596", "category": 6, "price": "9.99", "rating": "4", "image_url": "/media/product_img/products(65).jpg", "image": "products(65).jpg", "pencil_softness": false, "folder_sizes": false, "lunch_box": false, "pencil_case": false, "copies": false}}, {"model": "products.product", "pk": 66, "fields": {"name": "Neikir Office Suplies", "description": "Keep your work together with those great clippers to holp paperwork in one place", "sku": "pp5005430914", "category": 7, "price": "0.99", "rating": "4", "image_url": "/media/product_img/products(66).jpg", "image": "products(66).jpg", "pencil_softness": false, "folder_sizes": false, "lunch_box": false, "pencil_case": false, "copies": false}}, {"model": "products.product", "pk": 67, "fields": {"name": "CleeveArts and Crafts", "description": "Our washable set of paints will make your art look amazing. And you can relax with the mess and dive into real art. Express yourself. Imported", "sku": "pp5005430944", "category": 4, "price": "72.99", "rating": "4.5", "image_url": "/media/product_img/products(67).jpg", "image": "products(67).jpg", "pencil_softness": false, "folder_sizes": false, "lunch_box": false, "pencil_case": false, "copies": false}}, {"model": "products.product", "pk": 68, "fields": {"name": "Aritean Pencils and Crayons", "description": "Pencil set of 48 colorful pencils. All the colors you need for your art project, sketch or drawing. Express a world of colors to your canvas. ", "sku": "pp5005510265", "category": 4, "price": "50.99", "rating": "4.7", "image_url": "/media/product_img/products(68).jpg", "image": "products(68).jpg", "pencil_softness": false, "folder_sizes": false, "lunch_box": false, "pencil_case": false, "copies": false}}, {"model": "products.product", "pk": 69, "fields": {"name": "Madison Cling Bags", "description": "Best quality bags will give you comfort on daily basis. Compactable and reliable. Color black", "sku": "pp5005520201", "category": 3, "price": "102.00", "rating": "4.3", "image_url": "/media/product_img/products(69).jpg", "image": "products(69).jpg", "pencil_softness": false, "folder_sizes": false, "lunch_box": false, "pencil_case": false, "copies": false}}, {"model": "products.product", "pk": 70, "fields": {"name": "Madison Cling Bags", "description": "Best quality bags will give you comfort on daily basis. Compactable and reliable. Color pink", "sku": "pp5005520205", "category": 3, "price": "108.99", "rating": "4.2", "image_url": "htt/media/product_img/products(70).jpg", "image": "products(70).jpg", "pencil_softness": false, "folder_sizes": false, "lunch_box": false, "pencil_case": false, "copies": false}}, {"model": "products.product", "pk": 71, "fields": {"name": "Trotes Wool", "description": "Featuring a THERMOLITE fabric that keeps you warm and comfortable, this thred will make your product as a quality product. Happy knitting. ", "sku": "pp5005630545", "category": 4, "price": "108.99", "rating": "4.3", "image_url": "/media/product_img/products(71).jpg", "image": "products(71).jpg", "pencil_softness": false, "folder_sizes": false, "lunch_box": false, "pencil_case": false, "copies": false}}, {"model": "products.product", "pk": 72, "fields": {"name": "Deffies Arts", "description": "Set of paints and markers. Paints involve 12 different colors and markers have 24 colors", "sku": "pp5005630605", "category": 4, "price": "60.99", "rating": "4.6", "image_url": "/media/product_img/products(72).jpg", "image": "products(72).jpg", "pencil_softness": false, "folder_sizes": false, "lunch_box": false, "pencil_case": false, "copies": false}}, {"model": "products.product", "pk": 73, "fields": {"name": "Collins Bag World", "description": "Grey color bag with multiple pockets. Strong reliable handles to carry the bag. Great back support.", "sku": "pp5005630637", "category": 3, "price": "106.99", "rating": "4.7", "image_url": "/media/product_img/products(73).jpg", "image": "products(73).jpg", "pencil_softness": false, "folder_sizes": false, "lunch_box": false, "pencil_case": false, "copies": false}}, {"model": "products.product", "pk": 74, "fields": {"name": "Office Supplies", "description": "12 Highlighters in different colors. High quality highlighters will last for a whole school year for sure. ", "sku": "pp5005630638", "category": 7, "price": "16.99", "rating": "4.2", "image_url": "h/media/product_img/products(74).jpg", "image": "products(74).jpg", "pencil_softness": false, "folder_sizes": false, "lunch_box": false, "pencil_case": false, "copies": false}}, {"model": "products.product", "pk": 75, "fields": {"name": "Arikle-Zip Bags and Purses", "description": "Zipper styling outside and inside. A lot of different sections for great organization and a tidy bag. Great quality waterproof fabric will last for years. ", "sku": "pp5005650677", "category": 3, "price": "48.99", "rating": "4.4", "image_url": "/media/product_img/products(75).jpg", "image": "products(75).jpg", "pencil_softness": false, "folder_sizes": false, "lunch_box": false, "pencil_case": false, "copies": false}}, {"model": "products.product", "pk": 76, "fields": {"name": "Vanilla Star Plasticine", "description": "Plasticine is a putty-like modelling material made from calcium salts, petroleum jelly and aliphatic acids. Great for arts and crafts", "sku": "pp5005700140", "category": 4, "price": "5.99", "rating": "5", "image_url": "/media/product_img/products(76).jpg", "image": "products(76).jpg", "pencil_softness": false, "folder_sizes": false, "lunch_box": false, "pencil_case": false, "copies": false}}, {"model": "products.product", "pk": 77, "fields": {"name": "Worthingtongs-Buttons Bag Factory", "description": "Blu bag with a lot of sections and pockets. Side pockets for water bottle or small items. Zippers easy to use. Good quality material. ", "sku": "pp5005740430", "category": 5, "price": "136.99", "rating": "4.7", "image_url": "/media/product_img/products(77).jpg", "image": "products(97).jpg", "pencil_softness": false, "folder_sizes": false, "lunch_box": false, "pencil_case": false, "copies": false}}, {"model": "products.product", "pk": 78, "fields": {"name": "Worthingtongs-Buttons Bag Factory", "description": "Navy bag with a lot of sections and pockets. Good quality material. Side pockets for water or smll items. Zippers easy to use. Would hols the heavies loads. ", "sku": "pp5005740561", "category": 3, "price": "96.99", "rating": "4.6", "image_url": "/media/product_img/products(78).jpg", "image": "products(78).jpg", "pencil_softness": false, "folder_sizes": false, "lunch_box": false, "pencil_case": false, "copies": false}}, {"model": "products.product", "pk": 79, "fields": {"name": "Botcrut Markers for Office", "description": "Your everyday used markers will make your work very easy and organized. Notes are the part of everyday routene, markers helps to priotize lines  and separate some sentences from others", "sku": "pp5005740634", "category": 7, "price": "6.99", "rating": "4.5", "image_url": "/media/product_img/products(79).jpg", "image": "products(79).jpg", "pencil_softness": false, "folder_sizes": false, "lunch_box": false, "pencil_case": false, "copies": false}}, {"model": "products.product", "pk": 80, "fields": {"name": "Lehan Shcool Products", "description": "Pencil case that can contain up to 35 items, great for school and office suplies. ", "sku": "pp5005760088", "category": 2, "price": "9.10", "rating": "5", "image_url": "/media/product_img/products(80).jpg", "image": "products(80).jpg", "pencil_softness": false, "folder_sizes": false, "lunch_box": false, "pencil_case": false, "copies": false}}, {"model": "products.product", "pk": 81, "fields": {"name": "Jegus Bags", "description": "Our range of bags can offer you a perfect fit for your own type and purpose of use. This yellow color bag will be perfect to start the new school year or give as a present to your friend or loved one. Great material and lots of sections and pockets", "sku": "pp5005810108", "category": 3, "price": "76.99", "rating": "4.7", "image_url": "/media/product_img/products(81).jpg", "image": "products(81).jpg", "pencil_softness": false, "folder_sizes": false, "lunch_box": false, "pencil_case": false, "copies": false}}, {"model": "products.product", "pk": 82, "fields": {"name": "Jegus Bags", "description": "Our range of bags can offer you a perfect fit for your own type and purpose of use. This grey color bag will be perfect to start the new school year or give as a present to your friend or loved one. Great material and lots of sections and pockets. ", "sku": "pp5005820197", "category": 3, "price": "108.99", "rating": "4.9", "image_url": "/media/product_img/products(82).jpg", "image": "products(82).jpg", "pencil_softness": false, "folder_sizes": false, "lunch_box": false, "pencil_case": false, "copies": false}}, {"model": "products.product", "pk": 83, "fields": {"name": "Disla Graphic Office", "description": "Colorful rubber bands. For school or office use, great to connect loose parts or envelopes", "sku": "pp5005840598", "category": 7, "price": "2.00", "rating": "5", "image_url": "/media/product_img/products(83).jpg", "image": "products(83).jpg", "pencil_softness": false, "folder_sizes": false, "lunch_box": false, "pencil_case": false, "copies": false}}, {"model": "products.product", "pk": 84, "fields": {"name": "Dockshort-Performance", "description": "When performance counts, reach for this easy-care bag pack. Great for school bools or camping and out activities. Color red, 80cmx50cmx20cm. Imported", "sku": "pp5005840776", "category": 3, "price": "129.99", "rating": "5", "image_url": "/media/product_img/products(84).jpg", "image": "products(84).jpg", "pencil_softness": false, "folder_sizes": false, "lunch_box": false, "pencil_case": false, "copies": false}}, {"model": "products.product", "pk": 85, "fields": {"name": "Sunhem Markers and Paints", "description": "Long lasting coloring. Suitable for paper, cardboard, other surfaces drawing or scetching.^ markers fer pack. Primary colors. Imported.", "sku": "pp5005850180", "category": 4, "price": "8.99", "rating": "4.2", "image_url": "/media/product_img/products(85).jpg", "image": "products(85).jpg", "pencil_softness": false, "folder_sizes": false, "lunch_box": false, "pencil_case": false, "copies": false}}, {"model": "products.product", "pk": 86, "fields": {"name": "Madsion-Pake Office Set", "description": "A classic paper work clip set for all kinds of paper work or crafts. Gold color, suitable for different types of paper", "sku": "pp5005851218", "category": 4, "price": "3.99", "rating": "4.1", "image_url": "/media/product_img/products(86).jpg", "image": "products(86).jpg", "pencil_softness": false, "folder_sizes": false, "lunch_box": false, "pencil_case": false, "copies": false}}, {"model": "products.product", "pk": 87, "fields": {"name": "Quick-Dry Performance Glue-gun", "description": "Whether you're working with crafts or serious part project, this glue-gun is a perfect tool. Heats up instantly, is quick to stick items together, and works on many materials: including glass and cardboard. ", "sku": "pp5005860175", "category": 4, "price": "15.99", "rating": "4.8", "image_url": "/media/product_img/products(87).jpg", "image": "products(87).jpg", "pencil_softness": false, "folder_sizes": false, "lunch_box": false, "pencil_case": false, "copies": false}}, {"model": "products.product", "pk": 88, "fields": {"name": "Luge Hiens Water-Resistant Bags", "description": "Color grey. Offering extra coverage with its high-top design, these water-resistant bags keep you looking good while you accomplish the trip at hand. ", "sku": "pp5005860263", "category": 3, "price": "78.99", "rating": "4", "image_url": "h/media/product_img/products(88).jpg", "image": "products(88).jpg", "pencil_softness": false, "folder_sizes": false, "lunch_box": false, "pencil_case": false, "copies": false}}, {"model": "products.product", "pk": 89, "fields": {"name": "Luge Hiens Water-Resistant Bags", "description": "Color purple. Offering extra coverage with its high-top design, these water-resistant bags keep you looking good while you accomplish the trip at hand.", "sku": "pp5005870183", "category": 3, "price": "82.99", "rating": "5", "image_url": "/media/product_img/products(89).jpg2", "image": "products(89).jpg", "pencil_softness": false, "folder_sizes": false, "lunch_box": false, "pencil_case": false, "copies": false}}, {"model": "products.product", "pk": 90, "fields": {"name": "Stafel-Classic Stationary", "description": "A range of colorful markers will last up to the whole school year and on. Great range of colors will make your work or art increadible. ", "sku": "pp5005870599", "category": 7, "price": "14.99", "rating": "4.4", "image_url": "/media/product_img/products(90).jpg", "image": "products(90).jpg", "pencil_softness": false, "folder_sizes": false, "lunch_box": false, "pencil_case": false, "copies": false}}, {"model": "products.product", "pk": 91, "fields": {"name": "Luge Hiens Water-Resistant Bags", "description": "Color yellow. Offering extra coverage with its high-top design, these water-resistant bags keep you looking good while you accomplish the trip at hand. Great design and comfortable to carry. ", "sku": "pp5005870638", "category": 3, "price": "133.99", "rating": "4.4", "image_url": "/media/product_img/products(91).jpg", "image": "products(91).jpg", "pencil_softness": false, "folder_sizes": false, "lunch_box": false, "pencil_case": false, "copies": false}}, {"model": "products.product", "pk": 92, "fields": {"name": "Cradigan Office Supplies Stapler", "description": "Color white with red stripes. Pull your paperwork together. Easy and great way to clip papers together to keep work tidy and clean.", "sku": "pp5005910565", "category": 7, "price": "5.99", "rating": "4.3", "image_url": "/media/product_img/products(92).jpg", "image": "products(92).jpg", "pencil_softness": false, "folder_sizes": false, "lunch_box": false, "pencil_case": false, "copies": false}}, {"model": "products.product", "pk": 93, "fields": {"name": "Cradigan Office Supplies Stapler", "description": "Color red. Pull your paperwork together. Easy and great way to clip papers together to keep work tidy and clean. ", "sku": "pp5005930313", "category": 7, "price": "7.99", "rating": "4.9", "image_url": "/media/product_img/products(93).jpg", "image": "products(93).jpg", "pencil_softness": false, "folder_sizes": false, "lunch_box": false, "pencil_case": false, "copies": false}}, {"model": "products.product", "pk": 94, "fields": {"name": "Office Supplies Stapler", "description": "Color grey. Pull your paperwork together. Easy and great way to clip papers together to keep work tidy and clean. ", "sku": "pp5005940242", "category": 7, "price": "31.99", "rating": "3.7", "image_url": "/media/product_img/products(94).jpg", "image": "products(94).jpg", "pencil_softness": false, "folder_sizes": false, "lunch_box": false, "pencil_case": false, "copies": false}}, {"model": "products.product", "pk": 95, "fields": {"name": "Vieste Grey Bag", "description": "Give any heavy load for this incredible bag and it will carry with no issues. You will feel comfortable with this bag during school time or on the camping or outdoor activities.", "sku": "pp5005940299", "category": 3, "price": "42.99", "rating": "5", "image_url": "/media/product_img/products(95).jpg", "image": "products(95).jpg", "pencil_softness": false, "folder_sizes": false, "lunch_box": false, "pencil_case": false, "copies": false}}, {"model": "products.product", "pk": 96, "fields": {"name": "Bonnie Plaid Office suplies. Pins-Plus-Set", "description": "Getting all dolled up is fun with this festive, twirlable dress and coordinating cardigan from Bonnie Jean. includes dress and cardigan dress: scoopneck, sleeveless, front bow cardigan: long sleeves, velvet dress: polyester/metallic cardigan: polyester/spandex machine wash, line dry imported", "sku": "pp5005941612", "category": 7, "price": "2.99", "rating": "5", "image_url": "/media/product_img/products(96).jpg", "image": "products(96).jpg", "pencil_softness": false, "folder_sizes": false, "lunch_box": false, "pencil_case": false, "copies": false}}, {"model": "products.product", "pk": 97, "fields": {"name": "Bonnie Jean Bag", "description": "The quilted comfort and great style of this color blue bag will make perfect grab-and-go look all season long. ", "sku": "pp5005980058", "category": 3, "price": "66.99", "rating": "5", "image_url": "/media/product_img/products(97).jpg", "image": "products(97).jpg", "pencil_softness": false, "folder_sizes": false, "lunch_box": false, "pencil_case": false, "copies": false}}, {"model": "products.product", "pk": 98, "fields": {"name": "Bonnie Jean Bag", "description": "The quilted comfort and great style of this color clear white bag will make perfect grab-and-go look all season long. ", "sku": "pp5005980146", "category": 3, "price": "58.99", "rating": "4.5", "image_url": "/media/product_img/products(99).jpg", "image": "products(98).jpg", "pencil_softness": false, "folder_sizes": false, "lunch_box": false, "pencil_case": false, "copies": false}}, {"model": "products.product", "pk": 99, "fields": {"name": "Sholo Shius Notebooks", "description": "Get active with the plans of your routine or future. Every plan counts as a great success in your goal achievement. ", "sku": "pp5006070077", "category": 5, "price": "9.99", "rating": "4.4", "image_url": "/media/product_img/products(99).jpg", "image": "products(99).jpg", "pencil_softness": false, "folder_sizes": false, "lunch_box": false, "pencil_case": false, "copies": false}}, {"model": "products.product", "pk": 100, "fields": {"name": "Stylus Crossover Leather Folder", "description": "You will find so many ways to pack your paperwork in the office or at school. The great quality leather folder will give you confidence and you will look in style. ", "sku": "pp5006081758", "category": 5, "price": "33.99", "rating": "4.8", "image_url": "/media/product_img/products(100).jpg", "image": "products(100).jpg", "pencil_softness": false, "folder_sizes": false, "lunch_box": false, "pencil_case": false, "copies": false}}, {"model": "products.product", "pk": 101, "fields": {"name": "Non-Iron Cotton Oxford Kitting Set", "description": "Enjoy the great quality wool for your knitting project for friends, family or yourself. Color light brown. Needles are not included. ", "sku": "pp5006082011", "category": 4, "price": "2.99", "rating": "5", "image_url": "/media/product_img/products(101).jpg", "image": "products(101).jpg", "pencil_softness": false, "folder_sizes": false, "lunch_box": false, "pencil_case": false, "copies": false}}, {"model": "products.product", "pk": 102, "fields": {"name": "Bonnie Jean Bag", "description": "The quilted comfort and great style of this color black bag will make perfect grab-and-go look all season long.", "sku": "pp5006150186", "category": 3, "price": "71.99", "rating": "4", "image_url": "/media/product_img/products(102).jpg", "image": "products(102).jpg", "pencil_softness": false, "folder_sizes": false, "lunch_box": false, "pencil_case": false, "copies": false}}, {"model": "products.product", "pk": 103, "fields": {"name": "Bonnie Jean Bag", "description": "The quilted comfort and great style of this color black bag will make perfect grab-and-go look all season long.", "sku": "pp5006153172", "category": 3, "price": "55.00", "rating": "4.2", "image_url": "/media/product_img/products(103).jpg", "image": "products(103).jpg", "pencil_softness": false, "folder_sizes": false, "lunch_box": false, "pencil_case": false, "copies": false}}, {"model": "products.product", "pk": 104, "fields": {"name": "Glory Plus Arts", "description": "You'll love the sensation of the colorful pencils. Set of 60 pencils will give you a great range of colors for your art projects. ", "sku": "pp5006160127", "category": 4, "price": "52.99", "rating": "5", "image_url": "/media/product_img/products(104).jpg", "image": "products(104).jpg", "pencil_softness": false, "folder_sizes": false, "lunch_box": false, "pencil_case": false, "copies": false}}, {"model": "products.product", "pk": 105, "fields": {"name": "Jackson Wayne Leather", "description": "Add a beautiful set of notebook and walet to your collection. You will feel in great comfort and style with this set of \"Jackson Wayne\" Leather Wallet and Notebook. ", "sku": "pp5006160833", "category": 6, "price": "90.99", "rating": "4.8", "image_url": "/media/product_img/products(105).jpg", "image": "products(105).jpg", "pencil_softness": false, "folder_sizes": false, "lunch_box": false, "pencil_case": false, "copies": false}}, {"model": "products.product", "pk": 106, "fields": {"name": "Bonnie Jean Bag", "description": "The quilted comfort and great style of this color black bag will make perfect grab-and-go look all season long.", "sku": "pp5006170128", "category": 3, "price": "66.99", "rating": "4", "image_url": "/media/product_img/products(106).jpg", "image": "products(106).jpg", "pencil_softness": false, "folder_sizes": false, "lunch_box": false, "pencil_case": false, "copies": false}}, {"model": "products.product", "pk": 107, "fields": {"name": "Stabilo Markers", "description": "This set of markers will be great for school and office work. Lasts up to one year of using. Bright in color. Come in set of 20 markers. ", "sku": "pp5006170131", "category": 7, "price": "71.99", "rating": "5", "image_url": "/media/product_img/products(107).jpg", "image": "products(107).jpg", "pencil_softness": false, "folder_sizes": false, "lunch_box": false, "pencil_case": false, "copies": false}}, {"model": "products.product", "pk": 108, "fields": {"name": "Jamaey Printed Notebooks", "description": "Black color hard cover notebook, great for planning events and daily routen jobs. Note avery plan and goal to make your goals to become real achievements. ", "sku": "pp5006170357", "category": 6, "price": "60.99", "rating": "3.7", "image_url": "/media/product_img/products(108).jpg", "image": "products(108).jpg", "pencil_softness": false, "folder_sizes": false, "lunch_box": false, "pencil_case": false, "copies": false}}, {"model": "products.product", "pk": 109, "fields": {"name": "Arilan Henley Pencil Case", "description": "Set of pencils and craft tools. A topper and rubber are included. Ready to go pack all in one pencil case. Relax and grab this pencil case for yourself or your child to get ready for school forward full stream. ", "sku": "pp5006200155", "category": 2, "price": "29.99", "rating": "5", "image_url": "/media/product_img/products(109).jpg", "image": "products(109).jpg", "pencil_softness": false, "folder_sizes": false, "lunch_box": false, "pencil_case": false, "copies": false}}, {"model": "products.product", "pk": 110, "fields": {"name": "Arilan Henley Pencil Case", "description": "Full set of pencils and craft tools. A topper and rubber are included. Ready to go pack all in one pencil case. Relax and grab this pencil case for yourself or your child to get ready for school forward full stream. ", "sku": "pp5006200658", "category": 3, "price": "53.99", "rating": "4.8", "image_url": "/media/product_img/products(110).jpg", "image": "products(110).jpg", "pencil_softness": false, "folder_sizes": false, "lunch_box": false, "pencil_case": false, "copies": false}}, {"model": "products.product", "pk": 111, "fields": {"name": "Boarely Crafts", "description": "Plasticine is a putty-like modeling material made from calcium salts, petroleum jelly and aliphatic acids.", "sku": "pp5006241766", "category": 4, "price": "9.99", "rating": "1", "image_url": "/media/product_img/products(111).jpg", "image": "products(111).jpg", "pencil_softness": false, "folder_sizes": false, "lunch_box": false, "pencil_case": false, "copies": false}}, {"model": "products.product", "pk": 112, "fields": {"name": "Boarely Crafts 6-color Set", "description": "TPlasticine is a putty-like modeling material made from calcium salts, petroleum jelly and aliphatic acids. ", "sku": "pp5006242155", "category": 4, "price": "8.99", "rating": "3", "image_url": "/media/product_img/products(112).jpg", "image": "products(112).jpg", "pencil_softness": false, "folder_sizes": false, "lunch_box": false, "pencil_case": false, "copies": false}}, {"model": "products.product", "pk": 113, "fields": {"name": "Boarely Crafts 12-color Set", "description": "Plasticine is a putty-like modeling material made from calcium salts, petroleum jelly and aliphatic acids ", "sku": "pp5006242904", "category": 4, "price": "20.99", "rating": "5", "image_url": "/media/product_img/products(113).jpg", "image": "products(113).jpg", "pencil_softness": false, "folder_sizes": false, "lunch_box": false, "pencil_case": false, "copies": false}}, {"model": "products.product", "pk": 114, "fields": {"name": "Boarely Crafts ", "description": "Boarely Crafts dough for arts and crafts. Suitable from 4+. Great way to improve your imagination and artistic skills.  ", "sku": "pp5006242905", "category": 4, "price": "4.99", "rating": "5", "image_url": "/media/product_img/products(114).jpg", "image": "products(114).jpg", "pencil_softness": false, "folder_sizes": false, "lunch_box": false, "pencil_case": false, "copies": false}}, {"model": "products.product", "pk": 115, "fields": {"name": "Liborne City-Fit Notebooks", "description": "Look the part of the urban fashionista with ourgreat range of notebooks. Great way to work in style. ", "sku": "pp5006243106", "category": 6, "price": "8.99", "rating": "4", "image_url": "/media/product_img/products(115).jpg", "image": "products(115).jpg", "pencil_softness": false, "folder_sizes": false, "lunch_box": false, "pencil_case": false, "copies": false}}, {"model": "products.product", "pk": 116, "fields": {"name": "Nickeer Blue Bag", "description": "This Nickeer blue bag is a great comfort when it comes to carrying items a long distance, good quality fabric, and great style.", "sku": "pp5006243276", "category": 3, "price": "41.00", "rating": "5", "image_url": "/media/product_img/products(116).jpg", "image": "products(116).jpg", "pencil_softness": false, "folder_sizes": false, "lunch_box": false, "pencil_case": false, "copies": false}}, {"model": "products.product", "pk": 117, "fields": {"name": "Nickeer Yellow Bag", "description": "This Nickeer yellow bag is a great comfort when it comes to carrying items a long distance, good quality fabric, and great style.", "sku": "pp5006280064", "category": 3, "price": "113.99", "rating": "4.8", "image_url": "/media/product_img/products(117).jpg", "image": "products(117).jpg", "pencil_softness": false, "folder_sizes": false, "lunch_box": false, "pencil_case": false, "copies": false}}, {"model": "products.product", "pk": 118, "fields": {"name": "Arilan Henley Folder", "description": "Great leather folder. ", "sku": "pp5006200155", "category": 5, "price": "29.99", "rating": "5", "image_url": "/media/product_img/products(109).jpg", "image": "products(109).jpg", "pencil_softness": false, "folder_sizes": false, "lunch_box": false, "pencil_case": false, "copies": false}}, {"model": "products.product", "pk": 119, "fields": {"name": "Aritean Pencils and Crayons", "description": "Pencil set of 48 colorful pencils. All the colors you need for your art project, sketch or drawing. Express a world of colors to your canvas. ", "sku": "pp5005510265", "category": 7, "price": "50.99", "rating": "4.7", "image_url": "/media/product_img/products(68).jpg", "image": "products(68).jpg", "pencil_softness": false, "folder_sizes": false, "lunch_box": false, "pencil_case": false, "copies": false}}, {"model": "products.product", "pk": 120, "fields": {"name": "Keuract Pencils", "description": "Primary color pencils. Great for arts, scetches, drawings. Imported.", "sku": "pp5005140282", "category": 3, "price": "6.99", "rating": "4", "image_url": "/media/product_img/products(59).jpg", "image": "products(59).jpg", "pencil_softness": false, "folder_sizes": false, "lunch_box": false, "pencil_case": false, "copies": false}}, {"model": "products.product", "pk": 121, "fields": {"name": "Royal Colorfull Pencil Set", "description": "Colorfull pencil set of 12 includes primary colors and more. Suitable for arts and crafts", "sku": "pp5001730010", "category": 3, "price": "5.99", "rating": "4.7", "image_url": "/media/product_img/products(3).jpg", "image": "products(3).jpg", "pencil_softness": false, "folder_sizes": false, "lunch_box": false, "pencil_case": false, "copies": false}}, {"model": "products.product", "pk": 122, "fields": {"name": "Royal-case stapler", "description": "These staplers are easy to hold. Great organization for documentation.", "sku": "pp5003950574", "category": 7, "price": "21.99", "rating": "5", "image_url": "/media/product_img/products(37).jpg", "image": "products(37).jpg", "pencil_softness": false, "folder_sizes": false, "lunch_box": false, "pencil_case": false, "copies": false}}, {"model": "checkout.order", "pk": 1, "fields": {"order_number": "97FEE030F02448F7A6D4D4B75B2A5B90", "user_profile": null, "full_name": "gretazas", "email": "greta.baliunaite@gmail.com", "phone_number": "000000", "postcode": "dfgsdfgsdf", "town_or_city": "sdfgrrgs", "street_address1": "2324 gsdfgg", "street_address2": null, "county": "fdsgsdfg", "country": "IE", "date": "2023-01-14T12:50:25.913Z", "delivery_cost": "0.00", "order_total": "0.00", "grand_total": "0.00", "original_bag": "{\"5\": 1}", "stripe_pid": "pi_3MQ9BTGn2B9VBfJ81IYr4qJg", "points": 0}}, {"model": "checkout.order", "pk": 2, "fields": {"order_number": "FB304253586B4DBE8702AFAEFC8E2B31", "user_profile": null, "full_name": "gretazas", "email": "greta.baliunaite@gmail.com", "phone_number": "000000", "postcode": "dfgsdfgsdf", "town_or_city": "sdfgrrgs", "street_address1": "2324 gsdfgg", "street_address2": null, "county": "fdsgsdfg", "country": "IE", "date": "2023-01-14T12:54:06.441Z", "delivery_cost": "0.20", "order_total": "1.99", "grand_total": "2.19", "original_bag": "{\"2\": 1}", "stripe_pid": "pi_3MQ9EzGn2B9VBfJ81HlEeSoZ", "points": 0}}, {"model": "checkout.order", "pk": 3, "fields": {"order_number": "902B2983CC6144178C2F6F1B0DEFB870", "user_profile": 2, "full_name": "gretazas", "email": "greta.baliunaite@gmail.com", "phone_number": "000000", "postcode": "dfgsdfgsdf", "town_or_city": "sdfgrrgs", "street_address1": "2324 gsdfgg", "street_address2": null, "county": "fdsgsdfg", "country": "IE", "date": "2023-01-14T13:45:53.533Z", "delivery_cost": "0.30", "order_total": "2.97", "grand_total": "3.27", "original_bag": "{\"20\": 3}", "stripe_pid": "pi_3MQA37Gn2B9VBfJ81zOyFQw8", "points": 0}}, {"model": "checkout.order", "pk": 4, "fields": {"order_number": "A5864D8F52184F96B399A153725385DC", "user_profile": null, "full_name": "xccxx", "email": "greta.baliunaite@gmail.com", "phone_number": "000000", "postcode": "dfgsdfgsdf", "town_or_city": "sdfgrrgs", "street_address1": "2324 gsdfgg", "street_address2": null, "county": "fdsgsdfg", "country": "IE", "date": "2023-01-14T14:34:22.380Z", "delivery_cost": "1.00", "order_total": "9.95", "grand_total": "10.95", "original_bag": "{\"25\": 1, \"41\": 1, \"43\": 3}", "stripe_pid": "pi_3MQAnfGn2B9VBfJ81qbKUvHj", "points": 0}}, {"model": "checkout.order", "pk": 5, "fields": {"order_number": "1A2ED259CE314F44AA524E02AC28F5BC", "user_profile": 2, "full_name": "xccxx", "email": "greta.baliunaite@gmail.com", "phone_number": "000000", "postcode": "dfgsdfgsdf", "town_or_city": "sdfgrrgs", "street_address1": "2324 gsdfgg", "street_address2": null, "county": "fdsgsdfg", "country": "IE", "date": "2023-01-16T13:51:50.466Z", "delivery_cost": "4.80", "order_total": "47.98", "grand_total": "52.78", "original_bag": "{\"36\": 2}", "stripe_pid": "pi_3MQt65Gn2B9VBfJ81V3J5kr9", "points": 0}}, {"model": "checkout.order", "pk": 15, "fields": {"order_number": "3502402DC1D4437E9F7F82FE8D72D4C3", "user_profile": null, "full_name": "xccxx", "email": "greta.baliunaite@gmail.com", "phone_number": "000000", "postcode": "dfgsdfgsdf", "town_or_city": "sdfgrrgs", "street_address1": "2324 gsdfgg", "street_address2": null, "county": "fdsgsdfg", "country": "IE", "date": "2023-03-02T11:51:44.585Z", "delivery_cost": "1.00", "order_total": "9.95", "grand_total": "10.95", "original_bag": "{\"41\": 5}", "stripe_pid": "pi_3MhAfPGn2B9VBfJ81TrYzyRp", "points": 0}}, {"model": "checkout.order", "pk": 16, "fields": {"order_number": "D0B5E59B15204BD0B5D014A8EE1BC20A", "user_profile": null, "full_name": "xccxx", "email": "greta.baliunaite@gmail.com", "phone_number": "000000", "postcode": "dfgsdfgsdf", "town_or_city": "sdfgrrgs", "street_address1": "2324 gsdfgg", "street_address2": null, "county": "fdsgsdfg", "country": "IE", "date": "2023-03-02T12:22:08.859Z", "delivery_cost": "1.00", "order_total": "9.99", "grand_total": "10.99", "original_bag": "{\"65\": 1}", "stripe_pid": "pi_3MhB8vGn2B9VBfJ80csTp2tD", "points": 0}}, {"model": "checkout.order", "pk": 17, "fields": {"order_number": "33DE9C1E84C941A18C4FFA3222ECBEA7", "user_profile": null, "full_name": "xccxx", "email": "greta.baliunaite@gmail.com", "phone_number": "000000", "postcode": "dfgsdfgsdf", "town_or_city": "sdfgrrgs", "street_address1": "2324 gsdfgg", "street_address2": null, "county": "fdsgsdfg", "country": "IE", "date": "2023-03-15T21:13:50.290Z", "delivery_cost": "0.00", "order_total": "0.00", "grand_total": "0.00", "original_bag": "{\"51\": 1, \"43\": 1}", "stripe_pid": "", "points": 0}}, {"model": "checkout.order", "pk": 18, "fields": {"order_number": "ABFA853BC76E4087B53D5ADA9BDC8D2C", "user_profile": null, "full_name": "xccxx", "email": "greta.baliunaite@gmail.com", "phone_number": "000000", "postcode": "dfgsdfgsdf", "town_or_city": "sdfgrrgs", "street_address1": "2324 gsdfgg", "street_address2": null, "county": "fdsgsdfg", "country": "IE", "date": "2023-03-15T21:14:58.698Z", "delivery_cost": "2.20", "order_total": "21.98", "grand_total": "24.18", "original_bag": "{\"51\": 1, \"43\": 1}", "stripe_pid": "", "points": 0}}, {"model": "checkout.order", "pk": 19, "fields": {"order_number": "5028F60070DA4EFD9B6F85D226110717", "user_profile": 2, "full_name": "xccxx", "email": "greta.baliunaite@gmail.com", "phone_number": "000000", "postcode": "dfgsdfgsdf", "town_or_city": "sdfgrrgs", "street_address1": "2324 gsdfgg", "street_address2": null, "county": "fdsgsdfg", "country": "IE", "date": "2023-03-15T21:15:54.696Z", "delivery_cost": "2.20", "order_total": "21.98", "grand_total": "24.18", "original_bag": "{\"51\": 1, \"43\": 1}", "stripe_pid": "", "points": 0}}, {"model": "checkout.order", "pk": 20, "fields": {"order_number": "78E50A3C52AD4BCABA2D53241F123E0C", "user_profile": 2, "full_name": "xccxx", "email": "greta.baliunaite@gmail.com", "phone_number": "000000", "postcode": "dfgsdfgsdf", "town_or_city": "sdfgrrgs", "street_address1": "2324 gsdfgg", "street_address2": null, "county": "fdsgsdfg", "country": "IE", "date": "2023-03-15T21:40:30.660Z", "delivery_cost": "0.00", "order_total": "135.97", "grand_total": "135.97", "original_bag": "{\"65\": 1, \"11\": 1, \"46\": 1}", "stripe_pid": "", "points": 0}}, {"model": "checkout.order", "pk": 21, "fields": {"order_number": "5C6A415E5B4C4DE3A6506A4D3371A9CB", "user_profile": null, "full_name": "xccxx", "email": "greta.baliunaite@gmail.com", "phone_number": "000000", "postcode": "dfgsdfgsdf", "town_or_city": "sdfgrrgs", "street_address1": "2324 gsdfgg", "street_address2": null, "county": "fdsgsdfg", "country": "IE", "date": "2023-03-15T22:13:19.197Z", "delivery_cost": "1.00", "order_total": "9.99", "grand_total": "10.99", "original_bag": "{\"65\": 1}", "stripe_pid": "", "points": 0}}, {"model": "checkout.order", "pk": 22, "fields": {"order_number": "9449AE42C57E4C8EBF00774CF0FD5B11", "user_profile": null, "full_name": "xccxx", "email": "greta.baliunaite@gmail.com", "phone_number": "000000", "postcode": "dfgsdfgsdf", "town_or_city": "sdfgrrgs", "street_address1": "2324 gsdfgg", "street_address2": null, "county": "fdsgsdfg", "country": "IE", "date": "2023-03-15T22:14:19.019Z", "delivery_cost": "1.00", "order_total": "9.99", "grand_total": "10.99", "original_bag": "{\"65\": 1}", "stripe_pid": "", "points": 0}}, {"model": "checkout.order", "pk": 23, "fields": {"order_number": "95D3C3E2058A4ADE8C469F71039EEADF", "user_profile": 2, "full_name": "xccxx", "email": "greta.baliunaite@gmail.com", "phone_number": "000000", "postcode": "dfgsdfgsdf", "town_or_city": "sdfgrrgs", "street_address1": "2324 gsdfgg", "street_address2": null, "county": "fdsgsdfg", "country": "IE", "date": "2023-03-15T22:22:04.748Z", "delivery_cost": "1.00", "order_total": "9.99", "grand_total": "10.99", "original_bag": "{\"65\": 1}", "stripe_pid": "", "points": 0}}, {"model": "checkout.order", "pk": 24, "fields": {"order_number": "959F91A499F54B4F8E161F6556E18678", "user_profile": 2, "full_name": "xccxx", "email": "greta.baliunaite@gmail.com", "phone_number": "000000", "postcode": "dfgsdfgsdf", "town_or_city": "sdfgrrgs", "street_address1": "2324 gsdfgg", "street_address2": null, "county": "fdsgsdfg", "country": "IE", "date": "2023-03-16T09:48:55.550Z", "delivery_cost": "0.20", "order_total": "1.99", "grand_total": "2.19", "original_bag": "{\"43\": 1}", "stripe_pid": "", "points": 0}}, {"model": "checkout.order", "pk": 25, "fields": {"order_number": "914463D0F17B491AB3683E20034E66B9", "user_profile": 2, "full_name": "xccxx", "email": "greta.baliunaite@gmail.com", "phone_number": "000000", "postcode": "dfgsdfgsdf", "town_or_city": "sdfgrrgs", "street_address1": "2324 gsdfgg", "street_address2": null, "county": "fdsgsdfg", "country": "IE", "date": "2023-03-16T09:50:13.131Z", "delivery_cost": "1.00", "order_total": "9.99", "grand_total": "10.99", "original_bag": "{\"65\": 1}", "stripe_pid": "", "points": 0}}, {"model": "checkout.order", "pk": 26, "fields": {"order_number": "3C24F275753640369D04B15B472DF403", "user_profile": 2, "full_name": "xccxx", "email": "greta.baliunaite@gmail.com", "phone_number": "000000", "postcode": "dfgsdfgsdf", "town_or_city": "sdfgrrgs", "street_address1": "2324 gsdfgg", "street_address2": null, "county": "fdsgsdfg", "country": "IE", "date": "2023-03-16T09:53:55.730Z", "delivery_cost": "0.10", "order_total": "0.99", "grand_total": "1.09", "original_bag": "{\"10\": 1}", "stripe_pid": "", "points": 0}}, {"model": "checkout.order", "pk": 27, "fields": {"order_number": "7CA55209DC0A4B9FB0CA9609DC0CC932", "user_profile": 2, "full_name": "xccxx", "email": "greta.baliunaite@gmail.com", "phone_number": "000000", "postcode": "dfgsdfgsdf", "town_or_city": "sdfgrrgs", "street_address1": "2324 gsdfgg", "street_address2": null, "county": "fdsgsdfg", "country": "IE", "date": "2023-03-16T09:56:03.290Z", "delivery_cost": "0.20", "order_total": "1.99", "grand_total": "2.19", "original_bag": "{\"25\": 1}", "stripe_pid": "", "points": 0}}, {"model": "checkout.order", "pk": 28, "fields": {"order_number": "0DC1AB534B1F4D15AF485746B0D17019", "user_profile": 2, "full_name": "xccxx", "email": "greta.baliunaite@gmail.com", "phone_number": "000000", "postcode": "dfgsdfgsdf", "town_or_city": "sdfgrrgs", "street_address1": "2324 gsdfgg", "street_address2": null, "county": "fdsgsdfg", "country": "IE", "date": "2023-03-16T10:19:31.310Z", "delivery_cost": "0.20", "order_total": "1.99", "grand_total": "2.19", "original_bag": "{\"25\": 1}", "stripe_pid": "", "points": 0}}, {"model": "checkout.order", "pk": 29, "fields": {"order_number": "613A2756CD8D4A5D8DC13EEF9F0CAD51", "user_profile": 2, "full_name": "xccxx", "email": "greta.baliunaite@gmail.com", "phone_number": "000000", "postcode": "dfgsdfgsdf", "town_or_city": "sdfgrrgs", "street_address1": "2324 gsdfgg", "street_address2": null, "county": "fdsgsdfg", "country": "IE", "date": "2023-03-16T10:48:01.825Z", "delivery_cost": "0.20", "order_total": "1.99", "grand_total": "2.19", "original_bag": "{\"25\": 1}", "stripe_pid": "", "points": 0}}, {"model": "checkout.order", "pk": 30, "fields": {"order_number": "03F62FCCBF224800BB1BCE19AB613A5B", "user_profile": 2, "full_name": "xccxx", "email": "greta.baliunaite@gmail.com", "phone_number": "000000", "postcode": "dfgsdfgsdf", "town_or_city": "sdfgrrgs", "street_address1": "2324 gsdfgg", "street_address2": null, "county": "fdsgsdfg", "country": "IE", "date": "2023-03-16T10:57:40.290Z", "delivery_cost": "0.30", "order_total": "2.99", "grand_total": "3.29", "original_bag": "{\"11\": 1}", "stripe_pid": "", "points": 0}}, {"model": "checkout.order", "pk": 31, "fields": {"order_number": "628D7ACC1F6848FAB93CDB10DA7D1968", "user_profile": 2, "full_name": "xccxx", "email": "greta.baliunaite@gmail.com", "phone_number": "000000", "postcode": "dfgsdfgsdf", "town_or_city": "sdfgrrgs", "street_address1": "2324 gsdfgg", "street_address2": null, "county": "fdsgsdfg", "country": "IE", "date": "2023-03-16T10:59:17.707Z", "delivery_cost": "0.10", "order_total": "0.99", "grand_total": "1.09", "original_bag": "{\"10\": 1}", "stripe_pid": "", "points": 0}}, {"model": "checkout.order", "pk": 32, "fields": {"order_number": "30543EBB9B8447D3BD81AD6A6EA395FA", "user_profile": 2, "full_name": "xccxx", "email": "greta.baliunaite@gmail.com", "phone_number": "000000", "postcode": "dfgsdfgsdf", "town_or_city": "sdfgrrgs", "street_address1": "2324 gsdfgg", "street_address2": null, "county": "fdsgsdfg", "country": "IE", "date": "2023-03-16T11:06:29.268Z", "delivery_cost": "0.20", "order_total": "1.99", "grand_total": "2.19", "original_bag": "{\"25\": 1}", "stripe_pid": "", "points": 0}}, {"model": "checkout.order", "pk": 33, "fields": {"order_number": "AD9A1A6199004BE48AE14EFFB0684DDC", "user_profile": 2, "full_name": "xccxx", "email": "greta.baliunaite@gmail.com", "phone_number": "000000", "postcode": "dfgsdfgsdf", "town_or_city": "sdfgrrgs", "street_address1": "2324 gsdfgg", "street_address2": null, "county": "fdsgsdfg", "country": "IE", "date": "2023-03-16T11:08:19.562Z", "delivery_cost": "0.20", "order_total": "1.99", "grand_total": "2.19", "original_bag": "{\"25\": 1}", "stripe_pid": "", "points": 0}}, {"model": "checkout.order", "pk": 34, "fields": {"order_number": "CE918F9CCD5A442A91E58B192FE39EC9", "user_profile": 2, "full_name": "xccxx", "email": "greta.baliunaite@gmail.com", "phone_number": "000000", "postcode": "dfgsdfgsdf", "town_or_city": "sdfgrrgs", "street_address1": "2324 gsdfgg", "street_address2": null, "county": "fdsgsdfg", "country": "IE", "date": "2023-03-16T11:22:19.794Z", "delivery_cost": "0.20", "order_total": "1.99", "grand_total": "2.19", "original_bag": "{\"25\": 1}", "stripe_pid": "", "points": 0}}, {"model": "checkout.order", "pk": 35, "fields": {"order_number": "09B732B3C06442828A1116B9CE24470D", "user_profile": 2, "full_name": "xccxx", "email": "greta.baliunaite@gmail.com", "phone_number": "000000", "postcode": "dfgsdfgsdf", "town_or_city": "sdfgrrgs", "street_address1": "2324 gsdfgg", "street_address2": null, "county": "fdsgsdfg", "country": "IE", "date": "2023-03-16T11:22:40.620Z", "delivery_cost": "0.10", "order_total": "0.99", "grand_total": "1.09", "original_bag": "{\"20\": 1}", "stripe_pid": "", "points": 0}}, {"model": "checkout.order", "pk": 36, "fields": {"order_number": "F94B6BA6C5A74704954AF328C5F09BBB", "user_profile": 2, "full_name": "xccxx", "email": "greta.baliunaite@gmail.com", "phone_number": "000000", "postcode": "dfgsdfgsdf", "town_or_city": "sdfgrrgs", "street_address1": "2324 gsdfgg", "street_address2": null, "county": "fdsgsdfg", "country": "IE", "date": "2023-03-16T11:24:53.141Z", "delivery_cost": "0.10", "order_total": "0.99", "grand_total": "1.09", "original_bag": "{\"20\": 1}", "stripe_pid": "", "points": 0}}, {"model": "checkout.order", "pk": 37, "fields": {"order_number": "15A548F327D648DEA5C691260FD3381C", "user_profile": 2, "full_name": "xccxx", "email": "greta.baliunaite@gmail.com", "phone_number": "000000", "postcode": "dfgsdfgsdf", "town_or_city": "sdfgrrgs", "street_address1": "2324 gsdfgg", "street_address2": null, "county": "fdsgsdfg", "country": "IE", "date": "2023-03-16T11:30:05.216Z", "delivery_cost": "0.10", "order_total": "0.99", "grand_total": "1.09", "original_bag": "{\"20\": 1}", "stripe_pid": "", "points": 0}}, {"model": "checkout.order", "pk": 38, "fields": {"order_number": "46E71B81746C4498B7919AD1D26E8CD9", "user_profile": 2, "full_name": "xccxx", "email": "greta.baliunaite@gmail.com", "phone_number": "000000", "postcode": "dfgsdfgsdf", "town_or_city": "sdfgrrgs", "street_address1": "2324 gsdfgg", "street_address2": null, "county": "fdsgsdfg", "country": "IE", "date": "2023-03-16T11:37:34.746Z", "delivery_cost": "0.10", "order_total": "0.99", "grand_total": "1.09", "original_bag": "{\"20\": 1}", "stripe_pid": "", "points": 0}}, {"model": "checkout.order", "pk": 39, "fields": {"order_number": "60C947DEBCF54D5C8F7824ED063B2F42", "user_profile": 2, "full_name": "xccxx", "email": "greta.baliunaite@gmail.com", "phone_number": "000000", "postcode": "dfgsdfgsdf", "town_or_city": "sdfgrrgs", "street_address1": "2324 gsdfgg", "street_address2": null, "county": "fdsgsdfg", "country": "IE", "date": "2023-03-16T11:39:24.723Z", "delivery_cost": "0.10", "order_total": "0.99", "grand_total": "1.09", "original_bag": "{\"20\": 1}", "stripe_pid": "", "points": 0}}, {"model": "checkout.order", "pk": 40, "fields": {"order_number": "3C8225FF29044ABF80F66A06867961A9", "user_profile": 2, "full_name": "xccxx", "email": "greta.baliunaite@gmail.com", "phone_number": "000000", "postcode": "dfgsdfgsdf", "town_or_city": "sdfgrrgs", "street_address1": "2324 gsdfgg", "street_address2": null, "county": "fdsgsdfg", "country": "IE", "date": "2023-03-16T12:23:47.151Z", "delivery_cost": "0.10", "order_total": "0.99", "grand_total": "1.09", "original_bag": "{\"20\": 1}", "stripe_pid": "", "points": 0}}, {"model": "checkout.order", "pk": 41, "fields": {"order_number": "80186BD8AA184722B36E4078345579DD", "user_profile": 2, "full_name": "xccxx", "email": "greta.baliunaite@gmail.com", "phone_number": "000000", "postcode": "dfgsdfgsdf", "town_or_city": "sdfgrrgs", "street_address1": "2324 gsdfgg", "street_address2": null, "county": "fdsgsdfg", "country": "IE", "date": "2023-03-16T12:26:28.503Z", "delivery_cost": "0.10", "order_total": "0.99", "grand_total": "1.09", "original_bag": "{\"20\": 1}", "stripe_pid": "", "points": 0}}, {"model": "checkout.order", "pk": 42, "fields": {"order_number": "B54792F5F5DF431AB7B32FEF969BB227", "user_profile": null, "full_name": "xccxx", "email": "greta.baliunaite@gmail.com", "phone_number": "000000", "postcode": "dfgsdfgsdf", "town_or_city": "sdfgrrgs", "street_address1": "2324 gsdfgg", "street_address2": null, "county": "fdsgsdfg", "country": "IE", "date": "2023-03-16T12:27:42.074Z", "delivery_cost": "0.00", "order_total": "0.00", "grand_total": "0.00", "original_bag": "", "stripe_pid": "", "points": 0}}, {"model": "checkout.order", "pk": 43, "fields": {"order_number": "7BB5096FF8CD4AC7A5FD24D8B35607F0", "user_profile": 2, "full_name": "xccxx", "email": "greta.baliunaite@gmail.com", "phone_number": "000000", "postcode": "dfgsdfgsdf", "town_or_city": "sdfgrrgs", "street_address1": "2324 gsdfgg", "street_address2": null, "county": "fdsgsdfg", "country": "IE", "date": "2023-03-16T12:28:38.479Z", "delivery_cost": "0.10", "order_total": "0.99", "grand_total": "1.09", "original_bag": "{\"20\": 1}", "stripe_pid": "", "points": 0}}, {"model": "checkout.order", "pk": 44, "fields": {"order_number": "C82311A6D8C84CF09CEB70A7A237B879", "user_profile": 2, "full_name": "xccxx", "email": "greta.baliunaite@gmail.com", "phone_number": "000000", "postcode": "dfgsdfgsdf", "town_or_city": "sdfgrrgs", "street_address1": "2324 gsdfgg", "street_address2": null, "county": "fdsgsdfg", "country": "IE", "date": "2023-03-16T12:31:04.841Z", "delivery_cost": "0.10", "order_total": "0.99", "grand_total": "1.09", "original_bag": "{\"20\": 1}", "stripe_pid": "", "points": 0}}, {"model": "checkout.order", "pk": 45, "fields": {"order_number": "B75C7B8B1068471AB623E170D795940F", "user_profile": 2, "full_name": "xccxx", "email": "greta.baliunaite@gmail.com", "phone_number": "000000", "postcode": "dfgsdfgsdf", "town_or_city": "sdfgrrgs", "street_address1": "2324 gsdfgg", "street_address2": null, "county": "fdsgsdfg", "country": "IE", "date": "2023-03-16T12:33:59.922Z", "delivery_cost": "0.10", "order_total": "0.99", "grand_total": "1.09", "original_bag": "{\"20\": 1}", "stripe_pid": "", "points": 0}}, {"model": "checkout.order", "pk": 46, "fields": {"order_number": "DBED4072CA674CB199D4DE2CA2020235", "user_profile": 2, "full_name": "xccxx", "email": "greta.baliunaite@gmail.com", "phone_number": "000000", "postcode": "dfgsdfgsdf", "town_or_city": "sdfgrrgs", "street_address1": "2324 gsdfgg", "street_address2": null, "county": "fdsgsdfg", "country": "IE", "date": "2023-03-16T12:36:13.190Z", "delivery_cost": "0.10", "order_total": "0.99", "grand_total": "1.09", "original_bag": "{\"20\": 1}", "stripe_pid": "", "points": 0}}, {"model": "checkout.order", "pk": 47, "fields": {"order_number": "925F4C9F3ECE4531B4EDA1187071DD15", "user_profile": 2, "full_name": "xccxx", "email": "greta.baliunaite@gmail.com", "phone_number": "000000", "postcode": "dfgsdfgsdf", "town_or_city": "sdfgrrgs", "street_address1": "2324 gsdfgg", "street_address2": null, "county": "fdsgsdfg", "country": "IE", "date": "2023-03-16T12:37:13.804Z", "delivery_cost": "0.10", "order_total": "0.99", "grand_total": "1.09", "original_bag": "{\"20\": 1}", "stripe_pid": "", "points": 0}}, {"model": "checkout.orderlineitem", "pk": 2, "fields": {"order": 2, "product": 2, "folder_sizes": null, "lunchbox": null, "pencil_case": null, "copies": null, "quantity": 1, "lineitem_total": "1.99"}}, {"model": "checkout.orderlineitem", "pk": 3, "fields": {"order": 3, "product": 20, "folder_sizes": null, "lunchbox": null, "pencil_case": null, "copies": null, "quantity": 3, "lineitem_total": "2.97"}}, {"model": "checkout.orderlineitem", "pk": 4, "fields": {"order": 4, "product": 25, "folder_sizes": null, "lunchbox": null, "pencil_case": null, "copies": null, "quantity": 1, "lineitem_total": "1.99"}}, {"model": "checkout.orderlineitem", "pk": 5, "fields": {"order": 4, "product": 41, "folder_sizes": null, "lunchbox": null, "pencil_case": null, "copies": null, "quantity": 1, "lineitem_total": "1.99"}}, {"model": "checkout.orderlineitem", "pk": 6, "fields": {"order": 4, "product": 43, "folder_sizes": null, "lunchbox": null, "pencil_case": null, "copies": null, "quantity": 3, "lineitem_total": "5.97"}}, {"model": "checkout.orderlineitem", "pk": 7, "fields": {"order": 5, "product": 36, "folder_sizes": null, "lunchbox": null, "pencil_case": null, "copies": null, "quantity": 2, "lineitem_total": "47.98"}}, {"model": "checkout.orderlineitem", "pk": 8, "fields": {"order": 15, "product": 41, "folder_sizes": null, "lunchbox": null, "pencil_case": null, "copies": null, "quantity": 5, "lineitem_total": "9.95"}}, {"model": "checkout.orderlineitem", "pk": 9, "fields": {"order": 16, "product": 65, "folder_sizes": null, "lunchbox": null, "pencil_case": null, "copies": null, "quantity": 1, "lineitem_total": "9.99"}}, {"model": "checkout.orderlineitem", "pk": 10, "fields": {"order": 18, "product": 51, "folder_sizes": null, "lunchbox": null, "pencil_case": null, "copies": null, "quantity": 1, "lineitem_total": "19.99"}}, {"model": "checkout.orderlineitem", "pk": 11, "fields": {"order": 18, "product": 43, "folder_sizes": null, "lunchbox": null, "pencil_case": null, "copies": null, "quantity": 1, "lineitem_total": "1.99"}}, {"model": "checkout.orderlineitem", "pk": 12, "fields": {"order": 19, "product": 51, "folder_sizes": null, "lunchbox": null, "pencil_case": null, "copies": null, "quantity": 1, "lineitem_total": "19.99"}}, {"model": "checkout.orderlineitem", "pk": 13, "fields": {"order": 19, "product": 43, "folder_sizes": null, "lunchbox": null, "pencil_case": null, "copies": null, "quantity": 1, "lineitem_total": "1.99"}}, {"model": "checkout.orderlineitem", "pk": 14, "fields": {"order": 20, "product": 65, "folder_sizes": null, "lunchbox": null, "pencil_case": null, "copies": null, "quantity": 1, "lineitem_total": "9.99"}}, {"model": "checkout.orderlineitem", "pk": 15, "fields": {"order": 20, "product": 11, "folder_sizes": null, "lunchbox": null, "pencil_case": null, "copies": null, "quantity": 1, "lineitem_total": "2.99"}}, {"model": "checkout.orderlineitem", "pk": 16, "fields": {"order": 20, "product": 46, "folder_sizes": null, "lunchbox": null, "pencil_case": null, "copies": null, "quantity": 1, "lineitem_total": "122.99"}}, {"model": "checkout.orderlineitem", "pk": 17, "fields": {"order": 21, "product": 65, "folder_sizes": null, "lunchbox": null, "pencil_case": null, "copies": null, "quantity": 1, "lineitem_total": "9.99"}}, {"model": "checkout.orderlineitem", "pk": 18, "fields": {"order": 22, "product": 65, "folder_sizes": null, "lunchbox": null, "pencil_case": null, "copies": null, "quantity": 1, "lineitem_total": "9.99"}}, {"model": "checkout.orderlineitem", "pk": 19, "fields": {"order": 23, "product": 65, "folder_sizes": null, "lunchbox": null, "pencil_case": null, "copies": null, "quantity": 1, "lineitem_total": "9.99"}}, {"model": "checkout.orderlineitem", "pk": 20, "fields": {"order": 24, "product": 43, "folder_sizes": null, "lunchbox": null, "pencil_case": null, "copies": null, "quantity": 1, "lineitem_total": "1.99"}}, {"model": "checkout.orderlineitem", "pk": 21, "fields": {"order": 25, "product": 65, "folder_sizes": null, "lunchbox": null, "pencil_case": null, "copies": null, "quantity": 1, "lineitem_total": "9.99"}}, {"model": "checkout.orderlineitem", "pk": 22, "fields": {"order": 26, "product": 10, "folder_sizes": null, "lunchbox": null, "pencil_case": null, "copies": null, "quantity": 1, "lineitem_total": "0.99"}}, {"model": "checkout.orderlineitem", "pk": 23, "fields": {"order": 27, "product": 25, "folder_sizes": null, "lunchbox": null, "pencil_case": null, "copies": null, "quantity": 1, "lineitem_total": "1.99"}}, {"model": "checkout.orderlineitem", "pk": 24, "fields": {"order": 28, "product": 25, "folder_sizes": null, "lunchbox": null, "pencil_case": null, "copies": null, "quantity": 1, "lineitem_total": "1.99"}}, {"model": "checkout.orderlineitem", "pk": 25, "fields": {"order": 29, "product": 25, "folder_sizes": null, "lunchbox": null, "pencil_case": null, "copies": null, "quantity": 1, "lineitem_total": "1.99"}}, {"model": "checkout.orderlineitem", "pk": 26, "fields": {"order": 30, "product": 11, "folder_sizes": null, "lunchbox": null, "pencil_case": null, "copies": null, "quantity": 1, "lineitem_total": "2.99"}}, {"model": "checkout.orderlineitem", "pk": 27, "fields": {"order": 31, "product": 10, "folder_sizes": null, "lunchbox": null, "pencil_case": null, "copies": null, "quantity": 1, "lineitem_total": "0.99"}}, {"model": "checkout.orderlineitem", "pk": 28, "fields": {"order": 32, "product": 25, "folder_sizes": null, "lunchbox": null, "pencil_case": null, "copies": null, "quantity": 1, "lineitem_total": "1.99"}}, {"model": "checkout.orderlineitem", "pk": 29, "fields": {"order": 33, "product": 25, "folder_sizes": null, "lunchbox": null, "pencil_case": null, "copies": null, "quantity": 1, "lineitem_total": "1.99"}}, {"model": "checkout.orderlineitem", "pk": 30, "fields": {"order": 34, "product": 25, "folder_sizes": null, "lunchbox": null, "pencil_case": null, "copies": null, "quantity": 1, "lineitem_total": "1.99"}}, {"model": "checkout.orderlineitem", "pk": 31, "fields": {"order": 35, "product": 20, "folder_sizes": null, "lunchbox": null, "pencil_case": null, "copies": null, "quantity": 1, "lineitem_total": "0.99"}}, {"model": "checkout.orderlineitem", "pk": 32, "fields": {"order": 36, "product": 20, "folder_sizes": null, "lunchbox": null, "pencil_case": null, "copies": null, "quantity": 1, "lineitem_total": "0.99"}}, {"model": "checkout.orderlineitem", "pk": 33, "fields": {"order": 37, "product": 20, "folder_sizes": null, "lunchbox": null, "pencil_case": null, "copies": null, "quantity": 1, "lineitem_total": "0.99"}}, {"model": "checkout.orderlineitem", "pk": 34, "fields": {"order": 38, "product": 20, "folder_sizes": null, "lunchbox": null, "pencil_case": null, "copies": null, "quantity": 1, "lineitem_total": "0.99"}}, {"model": "checkout.orderlineitem", "pk": 35, "fields": {"order": 39, "product": 20, "folder_sizes": null, "lunchbox": null, "pencil_case": null, "copies": null, "quantity": 1, "lineitem_total": "0.99"}}, {"model": "checkout.orderlineitem", "pk": 36, "fields": {"order": 40, "product": 20, "folder_sizes": null, "lunchbox": null, "pencil_case": null, "copies": null, "quantity": 1, "lineitem_total": "0.99"}}, {"model": "checkout.orderlineitem", "pk": 37, "fields": {"order": 41, "product": 20, "folder_sizes": null, "lunchbox": null, "pencil_case": null, "copies": null, "quantity": 1, "lineitem_total": "0.99"}}, {"model": "checkout.orderlineitem", "pk": 38, "fields": {"order": 43, "product": 20, "folder_sizes": null, "lunchbox": null, "pencil_case": null, "copies": null, "quantity": 1, "lineitem_total": "0.99"}}, {"model": "checkout.orderlineitem", "pk": 39, "fields": {"order": 44, "product": 20, "folder_sizes": null, "lunchbox": null, "pencil_case": null, "copies": null, "quantity": 1, "lineitem_total": "0.99"}}, {"model": "checkout.orderlineitem", "pk": 40, "fields": {"order": 45, "product": 20, "folder_sizes": null, "lunchbox": null, "pencil_case": null, "copies": null, "quantity": 1, "lineitem_total": "0.99"}}, {"model": "checkout.orderlineitem", "pk": 41, "fields": {"order": 46, "product": 20, "folder_sizes": null, "lunchbox": null, "pencil_case": null, "copies": null, "quantity": 1, "lineitem_total": "0.99"}}, {"model": "checkout.orderlineitem", "pk": 42, "fields": {"order": 47, "product": 20, "folder_sizes": null, "lunchbox": null, "pencil_case": null, "copies": null, "quantity": 1, "lineitem_total": "0.99"}}, {"model": "profiles.userprofile", "pk": 2, "fields": {"user": 2, "saved_phone_number": "admin", "saved_street_address1": "2324 gsdfgg", "saved_street_address2": null, "saved_town_or_city": "sdfgrrgs", "saved_county": "fdsgsdfg", "saved_postcode": "dfgsdfgsdf", "saved_country": "IE"}}, {"model": "profiles.userprofile", "pk": 4, "fields": {"user": 4, "saved_phone_number": null, "saved_street_address1": null, "saved_street_address2": null, "saved_town_or_city": null, "saved_county": null, "saved_postcode": null, "saved_country": null}}, {"model": "profiles.userprofile", "pk": 5, "fields": {"user": 5, "saved_phone_number": null, "saved_street_address1": null, "saved_street_address2": null, "saved_town_or_city": null, "saved_county": null, "saved_postcode": null, "saved_country": null}}, {"model": "profiles.userprofile", "pk": 6, "fields": {"user": 6, "saved_phone_number": null, "saved_street_address1": null, "saved_street_address2": null, "saved_town_or_city": null, "saved_county": null, "saved_postcode": null, "saved_country": null}}, {"model": "profiles.userprofile", "pk": 7, "fields": {"user": 7, "saved_phone_number": null, "saved_street_address1": null, "saved_street_address2": null, "saved_town_or_city": null, "saved_county": null, "saved_postcode": null, "saved_country": null}}, {"model": "profiles.userprofile", "pk": 8, "fields": {"user": 8, "saved_phone_number": null, "saved_street_address1": null, "saved_street_address2": null, "saved_town_or_city": null, "saved_county": null, "saved_postcode": null, "saved_country": null}}, {"model": "profiles.userprofile", "pk": 9, "fields": {"user": 9, "saved_phone_number": null, "saved_street_address1": null, "saved_street_address2": null, "saved_town_or_city": null, "saved_county": null, "saved_postcode": null, "saved_country": null}}, {"model": "profiles.userprofile", "pk": 10, "fields": {"user": 10, "saved_phone_number": null, "saved_street_address1": null, "saved_street_address2": null, "saved_town_or_city": null, "saved_county": null, "saved_postcode": null, "saved_country": null}}, {"model": "profiles.userprofile", "pk": 11, "fields": {"user": 11, "saved_phone_number": null, "saved_street_address1": null, "saved_street_address2": null, "saved_town_or_city": null, "saved_county": null, "saved_postcode": null, "saved_country": null}}, {"model": "profiles.userprofile", "pk": 12, "fields": {"user": 12, "saved_phone_number": null, "saved_street_address1": null, "saved_street_address2": null, "saved_town_or_city": null, "saved_county": null, "saved_postcode": null, "saved_country": null}}, {"model": "profiles.userprofile", "pk": 13, "fields": {"user": 13, "saved_phone_number": null, "saved_street_address1": null, "saved_street_address2": null, "saved_town_or_city": null, "saved_county": null, "saved_postcode": null, "saved_country": null}}, {"model": "profiles.userprofile", "pk": 14, "fields": {"user": 14, "saved_phone_number": null, "saved_street_address1": null, "saved_street_address2": null, "saved_town_or_city": null, "saved_county": null, "saved_postcode": null, "saved_country": null}}, {"model": "profiles.userprofile", "pk": 15, "fields": {"user": 15, "saved_phone_number": null, "saved_street_address1": null, "saved_street_address2": null, "saved_town_or_city": null, "saved_county": null, "saved_postcode": null, "saved_country": null}}, {"model": "profiles.userprofile", "pk": 16, "fields": {"user": 16, "saved_phone_number": null, "saved_street_address1": null, "saved_street_address2": null, "saved_town_or_city": null, "saved_county": null, "saved_postcode": null, "saved_country": null}}, {"model": "profiles.userprofile", "pk": 17, "fields": {"user": 17, "saved_phone_number": null, "saved_street_address1": null, "saved_street_address2": null, "saved_town_or_city": null, "saved_county": null, "saved_postcode": null, "saved_country": null}}, {"model": "profiles.userprofile", "pk": 18, "fields": {"user": 18, "saved_phone_number": null, "saved_street_address1": null, "saved_street_address2": null, "saved_town_or_city": null, "saved_county": null, "saved_postcode": null, "saved_country": null}}, {"model": "profiles.userprofile", "pk": 19, "fields": {"user": 19, "saved_phone_number": null, "saved_street_address1": null, "saved_street_address2": null, "saved_town_or_city": null, "saved_county": null, "saved_postcode": null, "saved_country": null}}, {"model": "profiles.userprofile", "pk": 20, "fields": {"user": 20, "saved_phone_number": null, "saved_street_address1": null, "saved_street_address2": null, "saved_town_or_city": null, "saved_county": null, "saved_postcode": null, "saved_country": null}}, {"model": "profiles.userprofile", "pk": 21, "fields": {"user": 21, "saved_phone_number": null, "saved_street_address1": null, "saved_street_address2": null, "saved_town_or_city": null, "saved_county": null, "saved_postcode": null, "saved_country": null}}, {"model": "profiles.userprofile", "pk": 22, "fields": {"user": 22, "saved_phone_number": null, "saved_street_address1": null, "saved_street_address2": null, "saved_town_or_city": null, "saved_county": null, "saved_postcode": null, "saved_country": null}}, {"model": "profiles.userprofile", "pk": 23, "fields": {"user": 23, "saved_phone_number": null, "saved_street_address1": null, "saved_street_address2": null, "saved_town_or_city": null, "saved_county": null, "saved_postcode": null, "saved_country": null}}, {"model": "profiles.userprofile", "pk": 24, "fields": {"user": 24, "saved_phone_number": null, "saved_street_address1": null, "saved_street_address2": null, "saved_town_or_city": null, "saved_county": null, "saved_postcode": null, "saved_country": null}}, {"model": "profiles.userprofile", "pk": 25, "fields": {"user": 25, "saved_phone_number": null, "saved_street_address1": null, "saved_street_address2": null, "saved_town_or_city": null, "saved_county": null, "saved_postcode": null, "saved_country": null}}, {"model": "profiles.userprofile", "pk": 26, "fields": {"user": 26, "saved_phone_number": null, "saved_street_address1": null, "saved_street_address2": null, "saved_town_or_city": null, "saved_county": null, "saved_postcode": null, "saved_country": null}}, {"model": "profiles.userprofile", "pk": 27, "fields": {"user": 27, "saved_phone_number": null, "saved_street_address1": null, "saved_street_address2": null, "saved_town_or_city": null, "saved_county": null, "saved_postcode": null, "saved_country": null}}, {"model": "profiles.userprofile", "pk": 28, "fields": {"user": 28, "saved_phone_number": null, "saved_street_address1": null, "saved_street_address2": null, "saved_town_or_city": null, "saved_county": null, "saved_postcode": null, "saved_country": null}}, {"model": "profiles.userprofile", "pk": 29, "fields": {"user": 29, "saved_phone_number": null, "saved_street_address1": null, "saved_street_address2": null, "saved_town_or_city": null, "saved_county": null, "saved_postcode": null, "saved_country": null}}, {"model": "profiles.userprofile", "pk": 31, "fields": {"user": 31, "saved_phone_number": null, "saved_street_address1": null, "saved_street_address2": null, "saved_town_or_city": null, "saved_county": null, "saved_postcode": null, "saved_country": null}}, {"model": "profiles.userprofile", "pk": 32, "fields": {"user": 32, "saved_phone_number": null, "saved_street_address1": null, "saved_street_address2": null, "saved_town_or_city": null, "saved_county": null, "saved_postcode": null, "saved_country": null}}, {"model": "profiles.userprofile", "pk": 33, "fields": {"user": 33, "saved_phone_number": null, "saved_street_address1": null, "saved_street_address2": null, "saved_town_or_city": null, "saved_county": null, "saved_postcode": null, "saved_country": null}}, {"model": "profiles.userprofile", "pk": 34, "fields": {"user": 34, "saved_phone_number": null, "saved_street_address1": null, "saved_street_address2": null, "saved_town_or_city": null, "saved_county": null, "saved_postcode": null, "saved_country": null}}, {"model": "profiles.userprofile", "pk": 35, "fields": {"user": 35, "saved_phone_number": null, "saved_street_address1": null, "saved_street_address2": null, "saved_town_or_city": null, "saved_county": null, "saved_postcode": null, "saved_country": null}}, {"model": "profiles.userprofile", "pk": 36, "fields": {"user": 36, "saved_phone_number": null, "saved_street_address1": null, "saved_street_address2": null, "saved_town_or_city": null, "saved_county": null, "saved_postcode": null, "saved_country": null}}, {"model": "profiles.userprofile", "pk": 37, "fields": {"user": 37, "saved_phone_number": null, "saved_street_address1": null, "saved_street_address2": null, "saved_town_or_city": null, "saved_county": null, "saved_postcode": null, "saved_country": null}}, {"model": "profiles.userprofile", "pk": 38, "fields": {"user": 38, "saved_phone_number": null, "saved_street_address1": null, "saved_street_address2": null, "saved_town_or_city": null, "saved_county": null, "saved_postcode": null, "saved_country": null}}, {"model": "profiles.userprofile", "pk": 39, "fields": {"user": 39, "saved_phone_number": null, "saved_street_address1": null, "saved_street_address2": null, "saved_town_or_city": null, "saved_county": null, "saved_postcode": null, "saved_country": null}}, {"model": "profiles.userprofile", "pk": 40, "fields": {"user": 40, "saved_phone_number": null, "saved_street_address1": null, "saved_street_address2": null, "saved_town_or_city": null, "saved_county": null, "saved_postcode": null, "saved_country": null}}, {"model": "profiles.userprofile", "pk": 41, "fields": {"user": 41, "saved_phone_number": null, "saved_street_address1": null, "saved_street_address2": null, "saved_town_or_city": null, "saved_county": null, "saved_postcode": null, "saved_country": null}}, {"model": "profiles.userprofile", "pk": 42, "fields": {"user": 42, "saved_phone_number": null, "saved_street_address1": null, "saved_street_address2": null, "saved_town_or_city": null, "saved_county": null, "saved_postcode": null, "saved_country": null}}, {"model": "rate.rating", "pk": 3, "fields": {"rate_amount": 5, "rate_qnt": 1, "rate_id": 41, "date": "2023-03-13T20:14:57Z", "member": 8}}, {"model": "rate.rating", "pk": 5, "fields": {"rate_amount": 5, "rate_qnt": 1, "rate_id": 41, "date": "2023-03-13T22:02:29Z", "member": 24}}, {"model": "rate.rating", "pk": 6, "fields": {"rate_amount": 5, "rate_qnt": 1, "rate_id": 41, "date": "2023-03-13T22:02:55Z", "member": 6}}, {"model": "rate.rating", "pk": 7, "fields": {"rate_amount": 5, "rate_qnt": 1, "rate_id": 41, "date": "2023-03-13T22:07:21Z", "member": 14}}, {"model": "rate.rating", "pk": 8, "fields": {"rate_amount": 5, "rate_qnt": 1, "rate_id": 41, "date": "2023-03-13T22:07:45Z", "member": 22}}, {"model": "rate.rating", "pk": 9, "fields": {"rate_amount": 5, "rate_qnt": 1, "rate_id": 41, "date": "2023-03-13T22:18:48Z", "member": 25}}, {"model": "rate.rating", "pk": 11, "fields": {"rate_amount": 3, "rate_qnt": 1, "rate_id": 28, "date": "2023-03-14T15:37:59.944Z", "member": 15}}, {"model": "rate.rating", "pk": 12, "fields": {"rate_amount": 2, "rate_qnt": 2, "rate_id": 28, "date": "2023-03-14T15:38:08.982Z", "member": 2}}, {"model": "rate.rating", "pk": 13, "fields": {"rate_amount": 2, "rate_qnt": 1, "rate_id": 29, "date": "2023-03-14T15:39:57.505Z", "member": 27}}, {"model": "rate.rating", "pk": 14, "fields": {"rate_amount": 5, "rate_qnt": 1, "rate_id": 23, "date": "2023-03-14T15:42:25.427Z", "member": 4}}, {"model": "rate.rating", "pk": 15, "fields": {"rate_amount": 3, "rate_qnt": 1, "rate_id": 51, "date": "2023-03-14T19:00:46.889Z", "member": 41}}, {"model": "points.points", "pk": 8, "fields": {"user": 2, "points": 98, "date": "2023-03-15"}}, {"model": "feedback.feedback", "pk": 19, "fields": {"customer_name": "natalia", "email": "greta.baliunaite@gmail.com", "details": "Thank you", "happy": true, "date": "2023-01-21"}}, {"model": "feedback.feedback", "pk": 20, "fields": {"customer_name": "natalia", "email": "greta.baliunaite@gmail.com", "details": "Thanks", "happy": true, "date": "2023-01-21"}}, {"model": "feedback.feedback", "pk": 21, "fields": {"customer_name": "natalia", "email": "greta.baliunaite@gmail.com", "details": "Thank you", "happy": true, "date": "2023-01-21"}}, {"model": "feedback.feedback", "pk": 22, "fields": {"customer_name": "natalia", "email": "greta.baliunaite@gmail.com", "details": "Thanks", "happy": true, "date": "2023-01-21"}}, {"model": "feedback.feedback", "pk": 23, "fields": {"customer_name": "natalia", "email": "greta.baliunaite@gmail.com", "details": "Thanks", "happy": true, "date": "2023-01-21"}}, {"model": "feedback.feedback", "pk": 24, "fields": {"customer_name": "natalia", "email": "greta.baliunaite@gmail.com", "details": "rr", "happy": true, "date": "2023-01-21"}}, {"model": "feedback.feedback", "pk": 25, "fields": {"customer_name": "natalia", "email": "greta.baliunaite@gmail.com", "details": "rr", "happy": true, "date": "2023-01-21"}}, {"model": "feedback.feedback", "pk": 26, "fields": {"customer_name": "natalia", "email": "greta.baliunaite@gmail.com", "details": "tytytyty", "happy": true, "date": "2023-01-21"}}, {"model": "feedback.feedback", "pk": 27, "fields": {"customer_name": "natalia", "email": "greta.baliunaite@gmail.com", "details": "tytytyty", "happy": true, "date": "2023-01-21"}}, {"model": "feedback.feedback", "pk": 28, "fields": {"customer_name": "natalia", "email": "greta.baliunaite@gmail.com", "details": "dsds", "happy": true, "date": "2023-01-21"}}, {"model": "feedback.feedback", "pk": 29, "fields": {"customer_name": "natalia", "email": "greta.baliunaite@gmail.com", "details": "gfgfgfg", "happy": true, "date": "2023-01-21"}}, {"model": "feedback.feedback", "pk": 30, "fields": {"customer_name": "natalia", "email": "greta.baliunaite@gmail.com", "details": "dss", "happy": true, "date": "2023-01-21"}}, {"model": "feedback.feedback", "pk": 31, "fields": {"customer_name": "natalia", "email": "greta.baliunaite@gmail.com", "details": "sa", "happy": true, "date": "2023-01-21"}}, {"model": "feedback.feedback", "pk": 32, "fields": {"customer_name": "natalia", "email": "greta.baliunaite@gmail.com", "details": "sdsd", "happy": true, "date": "2023-01-21"}}, {"model": "feedback.feedback", "pk": 33, "fields": {"customer_name": "natalia", "email": "greta.baliunaite@gmail.com", "details": "fdfddfd", "happy": true, "date": "2023-03-02"}}, {"model": "feedback.feedback", "pk": 34, "fields": {"customer_name": "natalia", "email": "greta.baliunaite@gmail.com", "details": "fdfddfd", "happy": true, "date": "2023-03-02"}}, {"model": "feedback.feedback", "pk": 35, "fields": {"customer_name": "natalia", "email": "greta.baliunaite@gmail.com", "details": "fdfddfd", "happy": true, "date": "2023-03-02"}}, {"model": "feedback.feedback", "pk": 37, "fields": {"customer_name": "natalia", "email": "greta.baliunaite@gmail.com", "details": "ytyt", "happy": true, "date": "2023-03-02"}}, {"model": "feedback.feedback", "pk": 38, "fields": {"customer_name": "natalia", "email": "greta.baliunaite@gmail.com", "details": "ytyt", "happy": true, "date": "2023-03-02"}}, {"model": "feedback.feedback", "pk": 39, "fields": {"customer_name": "natalia", "email": "greta.baliunaite@gmail.com", "details": "ytyt", "happy": true, "date": "2023-03-02"}}, {"model": "feedback.feedback", "pk": 40, "fields": {"customer_name": "natalia", "email": "greta.baliunaite@gmail.com", "details": "ytyt", "happy": true, "date": "2023-03-02"}}, {"model": "feedback.feedback", "pk": 41, "fields": {"customer_name": "natalia", "email": "greta.baliunaite@gmail.com", "details": "ytyt", "happy": true, "date": "2023-03-02"}}]